CVE;Fixing sha;Fixing date;VCC-heuristic sha;VCC-heuristic date;VCC-oldest sha;VCC-oldest date;VCC-newest sha;VCC-newest date;Average date;Weighted Average date;CWE;CVSS-Score;CVSS-Vector;Commits heuristic;Commmits newest;Commits oldest;Commits weighted;Stable
CVE-2016-5350;b4d16b4495b732888e12baf5b8a7e9bf2665e22b;2016-03-30;958cef5d68f4e18fc648a0bbb30408eb206fb0ef;2015-06-23;08d2e5e8b78baa7ed2a29d3b806b86c94a7501d5;2003-01-10;958cef5d68f4e18fc648a0bbb30408eb206fb0ef;2015-06-23;2010-05-06;2010-05-06;CWE-399;4.3;AV:N/AC:M/Au:N/C:N/I:N/A:P;3836;55563;55563;30843;yes
CVE-2016-5351;9b0b20b8d5f8c9f7839d58ff6c5900f7e19283b4;2016-05-23;cb3dd958af31099772c8934179e113929ae0c020;2015-11-09;5ac6474c945133a8415fb3be917859e5d42b6256;2013-11-29;cb3dd958af31099772c8934179e113929ae0c020;2015-11-09;2015-01-14;2015-01-14;CWE-20;4.3;AV:N/AC:M/Au:N/C:N/I:N/A:P;2678;12656;12656;6395;yes
CVE-2016-5353;7d7190695ce2ff269fdffb04e87139995cde21f4;2016-06-05;37fdb21ec2e935c55d38541a37d5325272c0818f;2012-07-16;37fdb21ec2e935c55d38541a37d5325272c0818f;2012-07-16;37fdb21ec2e935c55d38541a37d5325272c0818f;2012-07-16;2012-07-16;2012-07-16;CWE-20;4.3;AV:N/AC:M/Au:N/C:N/I:N/A:P;21628;21628;21628;21643;yes
CVE-2016-5354;2cb5985bf47bdc8bea78d28483ed224abdd33dc6;2016-05-01;03dfd9cead43930e481fad614ac83e760cee98ea;2016-02-25;232e884ca140fd4146f1b96b4cfc6c3a5ae80c94;2006-10-18;03dfd9cead43930e481fad614ac83e760cee98ea;2016-02-25;2011-08-07;2011-10-26;CWE-476;4.3;AV:N/AC:M/Au:N/C:N/I:N/A:P;791;43677;43677;25022;yes
CVE-2016-5355;3270dfac43da861c714df76513456b46765ff47f;2016-05-01;5efb45231671baa2db2011d8f67f9d6e72bc455b;2016-04-29;558e714449ea30104c2bb7f35421328125a2a24a;1999-10-31;5efb45231671baa2db2011d8f67f9d6e72bc455b;2016-04-29;2008-01-29;2010-10-29;CWE-20;4.3;AV:N/AC:M/Au:N/C:N/I:N/A:P;32;61810;61810;29511;yes
CVE-2016-5355;5efb45231671baa2db2011d8f67f9d6e72bc455b;2016-04-29;558e714449ea30104c2bb7f35421328125a2a24a;1999-10-31;558e714449ea30104c2bb7f35421328125a2a24a;1999-10-31;0734ac385fbf20cd350850265935a17402d05b84;2014-08-02;2005-07-12;2004-08-20;CWE-20;4.3;AV:N/AC:M/Au:N/C:N/I:N/A:P;61778;61778;61778;51138;yes
CVE-2016-5356;a66628e425db725df1ac52a3c573a03357060ddd;2016-05-01;f5ec0afb766f19519ea9623152cca3bbe2229500;2016-04-29;5d929e0e8f940c016a55a4f2e8e53874864c4476;2002-07-31;f5ec0afb766f19519ea9623152cca3bbe2229500;2016-04-29;2009-06-14;2014-01-13;CWE-119;4.3;AV:N/AC:M/Au:N/C:N/I:N/A:P;29;56902;56902;11429;yes
CVE-2016-5356;f5ec0afb766f19519ea9623152cca3bbe2229500;2016-04-29;5d929e0e8f940c016a55a4f2e8e53874864c4476;2002-07-31;5d929e0e8f940c016a55a4f2e8e53874864c4476;2002-07-31;0734ac385fbf20cd350850265935a17402d05b84;2014-08-02;2010-01-31;2008-05-20;CWE-119;4.3;AV:N/AC:M/Au:N/C:N/I:N/A:P;56873;56873;56873;38086;yes
CVE-2016-5357;11edc83b98a61e890d7bb01855389d40e984ea82;2016-05-01;6a140eca7b78b230f1f90a739a32257476513c78;2016-04-30;47ec0bead948443f243c38fa83bbed335189b81a;2007-08-17;6a140eca7b78b230f1f90a739a32257476513c78;2016-04-30;2011-02-12;2013-09-21;CWE-20;4.3;AV:N/AC:M/Au:N/C:N/I:N/A:P;25;40817;40817;13816;yes
CVE-2016-5357;6a140eca7b78b230f1f90a739a32257476513c78;2016-04-30;47ec0bead948443f243c38fa83bbed335189b81a;2007-08-17;47ec0bead948443f243c38fa83bbed335189b81a;2007-08-17;0734ac385fbf20cd350850265935a17402d05b84;2014-08-02;2012-09-22;2011-02-24;CWE-20;4.3;AV:N/AC:M/Au:N/C:N/I:N/A:P;40792;40792;40792;28261;yes
CVE-2016-5359;b8e0d416898bb975a02c1b55883342edc5b4c9c0;2016-05-10;eb9a1815184ccc2d26ebf39389335ba73326cdc1;2003-02-12;d48ec06a6a47c739b63db70d2581f9c73ae3ced2;2003-02-06;eb9a1815184ccc2d26ebf39389335ba73326cdc1;2003-02-12;2003-02-09;2003-02-11;CWE-119;4.3;AV:N/AC:M/Au:N/C:N/I:N/A:P;47184;47226;47226;47187;yes
CVE-2016-5352;b6d838eebf4456192360654092e5587c5207f185;2016-05-10;b4a1985cef117426a5ec872cadbbf536dd0c636d;2016-01-14;9cd66b270c4b182d806d879850d510b5ee67ba37;2015-11-25;b4a1985cef117426a5ec872cadbbf536dd0c636d;2016-01-14;2015-12-20;2015-12-20;CWE-125;4.3;AV:N/AC:M/Au:N/C:N/I:N/A:P;1477;2210;2210;1857;no
CVE-2016-5358;2c13e97d656c1c0ac4d76eb9d307664aae0e0cf7;2016-05-14;fc48f57214d55d3f35bff87f1fffa08ac6f7bfd6;2014-04-01;d1a745f27b47ab4c7247c984eff543284012bba2;2007-06-13;d9b36c46d025519a309bf34c1255e1f9a2856a41;2015-06-18;2011-11-21;2011-07-03;CWE-20;4.3;AV:N/AC:M/Au:N/C:N/I:N/A:P;8584;39355;39355;24747;no
CVE-2013-1586;d3b504f33126c32850462f9aee50e507d4c59d5c;2013-01-08;ac16b7463b8e57f4bd54f9c7f16b7ea62a4e2298;2001-11-24;ac16b7463b8e57f4bd54f9c7f16b7ea62a4e2298;2001-11-24;d3b504f33126c32850462f9aee50e507d4c59d5c;2013-01-08;2007-05-09;2003-09-19;NVD-CWE-noinfo;2.9;AV:A/AC:M/Au:N/C:N/I:N/A:P;40129;40129;40129;35937;no
CVE-2020-17498;76afda963de4f0b9be24f2d8e873990a5cbf221b;2020-07-05;eabd1b0abb38fdd92147fba8a9030fe0bcd8fc6a;2019-08-20;8112b8d7a83536193c75a7fd1e51d3af8b1c8c01;2017-05-13;c9c33affd977806457e8bea6f45597587db3b8c3;2019-10-27;2018-12-09;2019-03-30;CWE-415;4.3;AV:N/AC:M/Au:N/C:N/I:N/A:P;1063;9757;9757;2221;no
CVE-2020-15466;11f40896b696e4e8c7f8b2ad96028404a83a51a4;2020-06-30;babe895d3a0d16346c500e397661c3fc580ee7e6;2014-04-26;babe895d3a0d16346c500e397661c3fc580ee7e6;2014-04-26;1e630b42e1f0573ca549643952017da315e695a0;2019-07-16;2017-03-27;2016-03-02;CWE-835;5.0;AV:N/AC:L/Au:N/C:N/I:N/A:P;24381;24381;24381;14973;no
CVE-2020-13164;e6e98eab8e5e0bbc982cfdc808f2469d7cab6c5a;2020-04-15;354b4b74d08fbafe23c7929f1f68eb4c84df4e2f;2002-01-12;354b4b74d08fbafe23c7929f1f68eb4c84df4e2f;2002-01-12;c38eb2f027ace5a85007fb67084d2fa927467540;2008-11-26;2005-06-20;2002-08-09;CWE-400;5.0;AV:N/AC:L/Au:N/C:N/I:N/A:P;67568;67568;67568;66166;no
CVE-2020-11647;6f56fc9496db158218243ea87e3660c874a0bab0;2020-04-07;63e31768817d2cfdbaeba77f73c85f5eb98dd1ff;2012-02-21;0f66df8509835e499db8cad904b7e63e9996d2e3;2005-04-26;c41a833d0342261bb5817305bf6be40bb8624163;2015-09-02;2010-06-23;2009-12-22;CWE-74;5.0;AV:N/AC:L/Au:N/C:N/I:N/A:P;32958;58145;58145;41745;no
CVE-2020-9431;086003c9d616906e08bbeeab9c17b3aa4c6ff850;2020-01-22;8ee06279fff744a1d7f235df9b570e0c25a91b1f;2017-07-23;8ee06279fff744a1d7f235df9b570e0c25a91b1f;2017-07-23;8ee06279fff744a1d7f235df9b570e0c25a91b1f;2017-07-23;2017-07-23;2017-07-23;CWE-400;5.0;AV:N/AC:L/Au:N/C:N/I:N/A:P;3971;3971;3971;3977;no
CVE-2020-9430;6b98dc63701b1da1cc7681cb383dabb0b7007d73;2020-02-13;93d6b03a67953b82880cdbdcf0d30e2a3246d790;2020-02-07;93d6b03a67953b82880cdbdcf0d30e2a3246d790;2020-02-07;93d6b03a67953b82880cdbdcf0d30e2a3246d790;2020-02-07;2020-02-07;2020-02-07;CWE-20;5.0;AV:N/AC:L/Au:N/C:N/I:N/A:P;2;2;2;3;no
CVE-2020-9430;93d6b03a67953b82880cdbdcf0d30e2a3246d790;2020-02-07;8589c2f11bb81dddd09d8bd2adcfb5e8a5b33dff;2009-08-04;8589c2f11bb81dddd09d8bd2adcfb5e8a5b33dff;2009-08-04;ad6fc87d64de30cdcdca18168a117d2ec24591da;2016-07-21;2013-01-26;2013-01-26;CWE-20;5.0;AV:N/AC:L/Au:N/C:N/I:N/A:P;43653;43653;43653;27416;no
CVE-2020-9428;9fe2de783dbcbe74144678d60a4e3923367044b2;2020-02-24;4f636d100e35865fc7156ffb2ba674605d1b404c;2016-09-28;4f636d100e35865fc7156ffb2ba674605d1b404c;2016-09-28;4f636d100e35865fc7156ffb2ba674605d1b404c;2016-09-28;2016-09-28;2016-09-28;CWE-74;5.0;AV:N/AC:L/Au:N/C:N/I:N/A:P;7394;7394;7394;7397;no
CVE-2020-9429;73c5fff899f253c44a72657048aec7db6edee571;2020-02-25;e50ae0ad11c63d47b864db7319aa9163eefd2296;2018-08-08;e50ae0ad11c63d47b864db7319aa9163eefd2296;2018-08-08;3d9534d0eecd409c907e54d6d5a87a90ec36f60f;2018-08-09;2018-08-08;2018-08-08;CWE-476;5.0;AV:N/AC:L/Au:N/C:N/I:N/A:P;4470;4470;4470;4473;no
CVE-2020-9429;a2530f740d67d41908e84434bb5ec99480c2ac2e;2020-02-23;69201185adfc0359abe08f6ed6befbea93c63f94;2019-11-26;69201185adfc0359abe08f6ed6befbea93c63f94;2019-11-26;69201185adfc0359abe08f6ed6befbea93c63f94;2019-11-26;2019-11-26;2019-11-26;CWE-476;5.0;AV:N/AC:L/Au:N/C:N/I:N/A:P;546;546;546;548;no
CVE-2020-7045;01f261de41f4dd3233ef578e5c0ffb9c25c7d14d;2019-12-10;3f85d738c0003e98b5fff4ec1b08b246f82d4840;2015-09-14;8ba3d6fbe668748097ce2dc4b8203a1c80b81be0;2015-02-03;b96b145f5846c0f8e34aa6f77ab0803f73bb27c2;2017-09-15;2016-02-03;2015-11-26;CWE-74;3.3;AV:A/AC:L/Au:N/C:N/I:N/A:P;17066;19773;19773;16038;no
CVE-2020-7044;f90a3720b73ca140403315126e2a478c4f70ca03;2020-01-13;c7854720c805ad3b96c1ceecff3be547f5748830;2019-06-13;c7854720c805ad3b96c1ceecff3be547f5748830;2019-06-13;c7854720c805ad3b96c1ceecff3be547f5748830;2019-06-13;2019-06-13;2019-06-13;CWE-74;5.0;AV:N/AC:L/Au:N/C:N/I:N/A:P;1307;1307;1307;1318;no
CVE-2019-19553;34d2e0d5318d0a7e9889498c721639e5cbf4ce45;2019-11-05;9eee872f8aaa7d50205983b3ce1c892c49389d6e;2018-02-13;3b770d5c7c9aa12a455d6307b762b3fca875fbf7;2005-11-14;9eee872f8aaa7d50205983b3ce1c892c49389d6e;2018-02-13;2009-12-15;2014-06-12;CWE-909;5.0;AV:N/AC:L/Au:N/C:N/I:N/A:P;1676;55796;55796;18709;no
CVE-2019-16319;02ddd49885c6a09e936a76aceb726ed06539704a;2019-08-29;cc45082635c9cfed0112727b1b10a0f863bce13c;2018-03-07;44aabbdf1431caca1bd5a6ab0e53beb0710f2e26;2012-07-26;cc45082635c9cfed0112727b1b10a0f863bce13c;2018-03-07;2015-05-17;2016-04-22;CWE-835;7.8;AV:N/AC:L/Au:N/C:N/I:N/A:C;4131;33082;33082;12197;no
CVE-2019-13619;7e90aed666e809c0db5de9d1816802a7dcea28d9;2019-06-25;08c0247b78116dcfdba342222810697482108d3a;2014-12-03;08c0247b78116dcfdba342222810697482108d3a;2014-12-03;08c0247b78116dcfdba342222810697482108d3a;2014-12-03;2014-12-03;2014-12-03;CWE-119;5.0;AV:N/AC:L/Au:N/C:N/I:N/A:P;16037;16037;16037;16043;no
CVE-2019-12295;7b6e197da4c497e229ed3ebf6952bae5c426a820;2019-05-22;a7744b697f2243613437c8bd1f2bddaeda363b32;2002-10-28;a7744b697f2243613437c8bd1f2bddaeda363b32;2002-10-28;deb49cb662b3d5465d3ce868b5162f570151e55e;2014-12-21;2010-07-19;2010-07-19;CWE-94;5.0;AV:N/AC:L/Au:N/C:N/I:N/A:P;62302;62302;62302;36427;no
CVE-2019-10903;eafdcfa4b6d5187a5326442a82608ab03d9dddcb;2019-04-05;22760b2d2a065249b21b7cf4be892aba71827279;2013-11-06;22760b2d2a065249b21b7cf4be892aba71827279;2013-11-06;22760b2d2a065249b21b7cf4be892aba71827279;2013-11-06;2013-11-06;2013-11-06;CWE-125;5.0;AV:N/AC:L/Au:N/C:N/I:N/A:P;18924;18924;18924;18928;no
CVE-2019-10902;95571f17d5e2de39735e62e5251583f930c06d51;2019-03-22;5490e4f8c48b36d3dd2e7014d94062318cd09378;2018-10-22;5490e4f8c48b36d3dd2e7014d94062318cd09378;2018-10-22;5490e4f8c48b36d3dd2e7014d94062318cd09378;2018-10-22;2018-10-22;2018-10-22;CWE-252;5.0;AV:N/AC:L/Au:N/C:N/I:N/A:P;1306;1306;1306;1308;no
CVE-2019-10901;cf801a25074f76dc3ae62d8ec53ace75f56ce2cd;2019-04-03;a7d48ed8b6948df2a0b9d295d97ce51fbc5fbfb8;2009-03-29;a7d48ed8b6948df2a0b9d295d97ce51fbc5fbfb8;2009-03-29;7013418e5536fb1dc76fa7048474ccb1e2a4e55d;2016-05-01;2012-10-14;2009-10-14;CWE-476;5.0;AV:N/AC:L/Au:N/C:N/I:N/A:P;41659;41659;41659;39128;no
CVE-2019-10900;26eee01f57f0a86fb375892c7937eac24ede4610;2019-03-22;9055584dcec4c58ac23b6e98842a9bf47a61a2ef;2018-06-16;500102c265984657c2360efd9a5bafaed5ec58de;2018-06-07;9055584dcec4c58ac23b6e98842a9bf47a61a2ef;2018-06-16;2018-06-11;2018-06-13;CWE-835;5.0;AV:N/AC:L/Au:N/C:N/I:N/A:P;2639;2739;2739;2665;no
CVE-2019-10899;b16fea2f175a3297edac118c8844c7987d31c1cb;2019-04-04;d70b1622b7a422875ac5a6273f0770e9a23ced6e;2003-12-08;d70b1622b7a422875ac5a6273f0770e9a23ced6e;2003-12-08;d70b1622b7a422875ac5a6273f0770e9a23ced6e;2003-12-08;2003-12-08;2003-12-08;CWE-119;5.0;AV:N/AC:L/Au:N/C:N/I:N/A:P;59593;59593;59593;59604;no
CVE-2019-10898;f80b7d1b279fb6c13f640019a1bbc42b18bf7469;2019-03-13;265e81ca3c4a3706bb56317ab9f3fe7654abb92f;2018-04-21;265e81ca3c4a3706bb56317ab9f3fe7654abb92f;2018-04-21;94bc8f127682a5207dfcbb60e7e2011547412392;2018-12-19;2018-08-20;2018-08-20;CWE-835;5.0;AV:N/AC:L/Au:N/C:N/I:N/A:P;3330;3330;3330;2082;no
CVE-2019-10897;00d5e9e9fb377f52ab7696f25c1dbc011ef0244d;2019-04-01;ad6eb33684950e1d3fec9cac7b513d592bd70aa6;2018-09-11;b293c97ad3f128eb25e3af8d34549368544df708;2018-02-22;3d2094c17195893579a0d4a74eaefd8679328643;2018-09-27;2018-07-11;2018-08-22;CWE-835;5.0;AV:N/AC:L/Au:N/C:N/I:N/A:P;1860;4170;4170;2078;no
CVE-2019-10896;441b6d9071d6341e58dfe10719375489c5b8e3f0;2019-04-04;006d9821f610bb6c006ac0f0d84ab8668a307945;2016-04-14;006d9821f610bb6c006ac0f0d84ab8668a307945;2016-04-14;006d9821f610bb6c006ac0f0d84ab8668a307945;2016-04-14;2016-04-14;2016-04-14;CWE-787;5.0;AV:N/AC:L/Au:N/C:N/I:N/A:P;6190;6190;6190;6195;no
CVE-2019-10895;2fbbde780e5d5d82e31dca656217daf278cf62bb;2019-03-16;c9b492a422329474c2eceb9d1fa7180628b5bb90;2009-06-01;c9b492a422329474c2eceb9d1fa7180628b5bb90;2009-06-01;01e08ae582b9e01bd5d236e748f43b4a2cedee43;2013-12-03;2012-01-18;2011-05-23;CWE-20;5.0;AV:N/AC:L/Au:N/C:N/I:N/A:P;40998;40998;40998;33026;no
CVE-2019-10895;38680c4c69f9f4e0f39e29b66fe2b02d88eb629d;2019-02-26;4342323c08e210236469e5f4e17dc8175153c5aa;2014-03-16;c9b492a422329474c2eceb9d1fa7180628b5bb90;2009-06-01;cab0cff6abdd7a5b5b0bfa4ee204eea951e129e9;2019-02-26;2014-04-10;2014-01-05;CWE-20;5.0;AV:N/AC:L/Au:N/C:N/I:N/A:P;16588;40978;40978;17444;no
CVE-2019-10895;1660f7437198113c0c90cec22daa6abcd3af22cc;2019-03-16;07bb974bcd99467381dddae134f11a6f21cf6ca5;2019-02-26;07bb974bcd99467381dddae134f11a6f21cf6ca5;2019-02-26;07bb974bcd99467381dddae134f11a6f21cf6ca5;2019-02-26;2019-02-26;2019-02-26;CWE-20;5.0;AV:N/AC:L/Au:N/C:N/I:N/A:P;123;123;123;126;no
CVE-2019-10895;cab0cff6abdd7a5b5b0bfa4ee204eea951e129e9;2019-02-26;c9b492a422329474c2eceb9d1fa7180628b5bb90;2009-06-01;c9b492a422329474c2eceb9d1fa7180628b5bb90;2009-06-01;c9b492a422329474c2eceb9d1fa7180628b5bb90;2009-06-01;2009-06-01;2009-06-01;CWE-20;5.0;AV:N/AC:L/Au:N/C:N/I:N/A:P;40977;40977;40977;40990;no
CVE-2019-10894;b20e5d8aae2580e29c83ddaf0b6b2e640603e4aa;2019-03-26;35eefef60a411b3637fe85d91f0fb25b185aed79;2002-11-28;7f0a8720554646cbf283b98544efdd396be2d5bb;2002-08-29;31f004f1caee87d744610f48c93fae1efa8e7b56;2015-11-07;2007-07-02;2006-06-16;CWE-617;5.0;AV:N/AC:L/Au:N/C:N/I:N/A:P;62090;62656;62656;50690;no
CVE-2019-9214;c557bb0910be271e49563756411a690a1bc53ce5;2019-02-27;322cc03b9ca0533a5542d2d2f8f9d12f122ae7fa;2019-01-29;322cc03b9ca0533a5542d2d2f8f9d12f122ae7fa;2019-01-29;82c6d79e1b52663181ac84ea0cc94e10b2c057f9;2019-01-31;2019-01-30;2019-01-29;CWE-476;5.0;AV:N/AC:L/Au:N/C:N/I:N/A:P;30;30;30;31;yes
CVE-2019-9209;f8fbe9f934d65b2694fa74622e5eb2e1dc8cd20b;2019-01-28;0b9c6451501033548de49254b1038e77c299d9a6;2011-03-04;6ff98095fe6947c83d822f5bd6e091afd50fe4a0;2008-01-12;921bb07115fbffc081ec56a5022b4a9d58db6d39;2015-11-24;2011-09-13;2011-09-13;CWE-119;5.0;AV:N/AC:L/Au:N/C:N/I:N/A:P;34111;45212;45212;31509;yes
CVE-2019-9208;3d1b8004ed3a07422ca5d4e4ee8097150b934fd2;2019-02-01;fb1a6320ec67fc30414948b8e7e8c63c37a15983;2017-04-29;d7c62b2db5461dc8dbfb2af4679f3cdd7a3f3873;2008-09-14;f434820705b7875e5eaab1bba77c0264b1eb1bd6;2017-06-02;2014-06-25;2016-05-23;CWE-476;5.0;AV:N/AC:L/Au:N/C:N/I:N/A:P;1533;43196;43196;5669;yes
CVE-2019-5721;1c66174ec7aa19e2ddc79178cf59f15a654fc4fe;2018-12-06;e4c059f67f3b29bcc26b1faf111bf647ac630e04;2016-02-26;e8111a59aa70daf47b261b52dc2ce7352ddc49ec;2011-12-01;e4c059f67f3b29bcc26b1faf111bf647ac630e04;2016-02-26;2013-08-24;2013-12-28;CWE-416;4.3;AV:N/AC:M/Au:N/C:N/I:N/A:P;6604;30459;30459;17484;no
CVE-2019-5721;177962a5b4a05759b40fb6fc07a4a6eec306a9bf;2018-03-04;e4c059f67f3b29bcc26b1faf111bf647ac630e04;2016-02-26;e8111a59aa70daf47b261b52dc2ce7352ddc49ec;2011-12-01;e4c059f67f3b29bcc26b1faf111bf647ac630e04;2016-02-26;2013-08-24;2013-12-28;CWE-416;4.3;AV:N/AC:M/Au:N/C:N/I:N/A:P;8641;32496;32496;19521;no
CVE-2019-5719;b5b02f2a9b8772d8814096f86c60a32889d61f2c;2018-12-27;2864c2a64325efac3c029c3b34739f0c7de61e5d;2010-03-08;f8f8957c0195fc5e269cdef866243ac9ca4f68b2;2001-02-28;6b84ddee83e70aff944da084129624226b7a32fa;2017-02-13;2013-02-09;2013-05-11;CWE-327;4.3;AV:N/AC:M/Au:N/C:N/I:N/A:P;37567;65555;65555;22253;yes
CVE-2019-5718;cd09cb5cfb673beca3cce20b1d6a9bc67a134ae1;2019-01-08;321b756dc41f9bc26cc0eb8b08f90a73158dc75a;2016-10-22;321b756dc41f9bc26cc0eb8b08f90a73158dc75a;2016-10-22;321b756dc41f9bc26cc0eb8b08f90a73158dc75a;2016-10-22;2016-10-22;2016-10-22;CWE-125;4.3;AV:N/AC:M/Au:N/C:N/I:N/A:P;3670;3670;3670;3674;yes
CVE-2019-5717;bf9272a92f3df1e4ccfaad434e123222ae5313f7;2018-12-10;867bf1477ef6f33ccc2d5d96e8e910a88a480947;2011-01-22;8586ce47d2f318a5f3d1037d246b61655c7505ad;2005-11-07;f282154ab0134ac71a55c05560a96c02c079158b;2011-07-19;2008-08-02;2008-08-02;CWE-20;4.3;AV:N/AC:M/Au:N/C:N/I:N/A:P;34508;52509;52509;43417;yes
CVE-2019-5716;2b2eea1793dbff813896e1ae9dff1bedb39ee010;2019-01-03;a3b47316eb4f668e0ec92f9339bd914d28f934ff;2017-07-08;a3b47316eb4f668e0ec92f9339bd914d28f934ff;2017-07-08;a3b47316eb4f668e0ec92f9339bd914d28f934ff;2017-07-08;2017-07-08;2017-07-08;CWE-20;4.3;AV:N/AC:M/Au:N/C:N/I:N/A:P;3772;3772;3772;3778;yes
CVE-2018-19628;212b18825d9b668cda23d334c48867dfa66b2b36;2018-11-27;79d6dc31ffa0bc417a9ca34a50ca1def95f96460;2018-03-22;79d6dc31ffa0bc417a9ca34a50ca1def95f96460;2018-03-22;79d6dc31ffa0bc417a9ca34a50ca1def95f96460;2018-03-22;2018-03-22;2018-03-22;CWE-369;5.0;AV:N/AC:L/Au:N/C:N/I:N/A:P;729;729;729;736;yes
CVE-2018-19627;bdc33cfaecb1b4cf2c114ed9015713ddf8569a60;2018-11-27;cc9b38a734ac64603e78fe2dc00ad5bdc214e3ff;2017-04-29;cc9b38a734ac64603e78fe2dc00ad5bdc214e3ff;2017-04-29;5dbc1d8d1c14aea4fda820567d6ac0e226027ed3;2018-01-10;2017-07-24;2017-06-19;CWE-125;5.0;AV:N/AC:L/Au:N/C:N/I:N/A:P;4497;4497;4497;3891;yes
CVE-2018-19626;c5a65115ebab55cfd5ce0a855c2256e01cab6449;2018-10-12;0c7eb4a4f4d351aa99adefb798eec90293aac131;2016-01-07;0c7eb4a4f4d351aa99adefb798eec90293aac131;2016-01-07;0c7eb4a4f4d351aa99adefb798eec90293aac131;2016-01-07;2016-01-07;2016-01-07;CWE-125;4.3;AV:N/AC:M/Au:N/C:N/I:N/A:P;7333;7333;7333;7348;yes
CVE-2018-19625;dc4d209f39132a4ae05675a11609176ae9705cfc;2018-10-12;9d519b5659aa8c0c4aa984bc6169909eb31be7d6;2013-07-31;9d519b5659aa8c0c4aa984bc6169909eb31be7d6;2013-07-31;9d519b5659aa8c0c4aa984bc6169909eb31be7d6;2013-07-31;2013-07-31;2013-07-31;CWE-125;4.3;AV:N/AC:M/Au:N/C:N/I:N/A:P;20622;20622;20622;20642;yes
CVE-2018-19623;9c8645ec7b28e4d7193962ecd2a418613bf6a84f;2018-10-23;2f4ca9c8d979029e7893f2843045f516e3d0b844;2014-04-07;2f4ca9c8d979029e7893f2843045f516e3d0b844;2014-04-07;2f4ca9c8d979029e7893f2843045f516e3d0b844;2014-04-07;2014-04-07;2014-04-07;CWE-787;5.0;AV:N/AC:L/Au:N/C:N/I:N/A:P;16192;16192;16192;16202;yes
CVE-2018-19622;3b7555d32d11862f0e500ec466ad6bfe54190076;2018-11-16;4325d41fbd225074201140234c7c4b2484f4a0b2;2001-09-25;4325d41fbd225074201140234c7c4b2484f4a0b2;2001-09-25;ca5a28560dd568d44c8b1c071f8d6ea077f32e51;2004-02-06;2003-04-07;2002-08-26;CWE-835;5.0;AV:N/AC:L/Au:N/C:N/I:N/A:P;64650;64650;64650;62554;yes
CVE-2018-18227;d443be449a52f95df5754adc39e1f3472fec2f03;2018-09-09;c425334394ea22b55a48b282a77553584ede4efc;2015-07-25;c425334394ea22b55a48b282a77553584ede4efc;2015-07-25;462ca740e4b3de807d1bc9bdb1cdc1bd88ae8831;2017-02-10;2015-12-15;2015-07-27;CWE-476;5.0;AV:N/AC:L/Au:N/C:N/I:N/A:P;6019;6019;6019;6002;yes
CVE-2018-18226;6e920ddc3cad2886ef07ca1a8e50e2a5c50986f7;2018-10-10;7ae954c7ac934ea5748b6d65f1c04e8c9b90e27f;2018-02-15;7ae954c7ac934ea5748b6d65f1c04e8c9b90e27f;2018-02-15;7ae954c7ac934ea5748b6d65f1c04e8c9b90e27f;2018-02-15;2018-02-15;2018-02-15;CWE-772;7.8;AV:N/AC:L/Au:N/C:N/I:N/A:C;1195;1195;1195;1199;yes
CVE-2018-16058;c48d6a6d60c5c9111838a945966b6cb8750777be;2018-08-14;d31620a7bf42c2bb561188f0611af3097e0e8173;2013-03-19;892ff116c97cb48bcf19e1972f65b912168f0abf;2012-11-05;532c3bc7837ba739c5a290a2db3a44fbe08d25c0;2014-05-09;2013-07-24;2013-07-24;CWE-665;5.0;AV:N/AC:L/Au:N/C:N/I:N/A:P;26838;29047;29047;24689;yes
CVE-2018-16056;f98fbce64cb230e94a2cafc410a3cedad657b485;2018-07-22;7cd6906056922e4b8f68f1216d94eaa0809896fe;2017-01-10;ca3fe281f586e07b0e0d47a946a5d5d1b0263f97;2015-02-03;17a39db773f0f548b862db559d7dcc81f3ab8283;2018-07-01;2016-07-02;2016-12-07;NVD-CWE-noinfo;5.0;AV:N/AC:L/Au:N/C:N/I:N/A:P;6465;15338;15338;6793;yes
CVE-2018-14370;b1446124eebc3ea5591d18e719c2a5cff3630638;2018-06-20;6991149557ec9f82f2e90e1f95e23621dced5dfb;2016-02-04;6991149557ec9f82f2e90e1f95e23621dced5dfb;2016-02-04;6991149557ec9f82f2e90e1f95e23621dced5dfb;2016-02-04;2016-02-04;2016-02-04;CWE-125;5.0;AV:N/AC:L/Au:N/C:N/I:N/A:P;6719;6719;6719;6721;no
CVE-2018-14369;038cd225bfa54e2a7ade4043118796334920a61e;2018-06-13;a6fc598aa79f45f0ece6c17656b15e323815cccf;2014-07-08;a6fc598aa79f45f0ece6c17656b15e323815cccf;2014-07-08;a6fc598aa79f45f0ece6c17656b15e323815cccf;2014-07-08;2014-07-08;2014-07-08;CWE-20;5.0;AV:N/AC:L/Au:N/C:N/I:N/A:P;11124;11124;11124;11133;no
CVE-2018-14368;6c44312f465014eb409d766a9828b7f101f6251c;2018-06-12;9746da77eec62f23a92dbaa759d68105ec4251ea;2011-12-21;9746da77eec62f23a92dbaa759d68105ec4251ea;2011-12-21;9746da77eec62f23a92dbaa759d68105ec4251ea;2011-12-21;2011-12-21;2011-12-21;CWE-835;7.8;AV:N/AC:L/Au:N/C:N/I:N/A:C;26623;26623;26623;26627;no
CVE-2018-14367;81ce5fcb3e37a0aaeb7532f7a2a09366f16fa310;2018-07-13;f7b784c968327b9204f50b0540968dfd286ac8f0;2017-03-16;f7b784c968327b9204f50b0540968dfd286ac8f0;2017-03-16;f7b784c968327b9204f50b0540968dfd286ac8f0;2017-03-16;2017-03-16;2017-03-16;CWE-252;5.0;AV:N/AC:L/Au:N/C:N/I:N/A:P;1894;1894;1894;1903;no
CVE-2018-14344;4f7153685b39a164aea09ba7f96ebb648b8328ae;2018-05-31;f17f7e29371d25bc92154ec0a644b4e118e0c31b;2003-12-30;f17f7e29371d25bc92154ec0a644b4e118e0c31b;2003-12-30;6720c80bab2d20b67ff2202e2904aa4de78f5860;2014-10-19;2011-12-08;2007-12-10;CWE-125;5.0;AV:N/AC:L/Au:N/C:N/I:N/A:P;55465;55465;55465;41678;no
CVE-2018-14343;9402f2f80c6bc7d25178a0875c5a1f5ee36361db;2018-06-02;a6ed2d499af391480d9853833e22f153c502dc4b;2004-03-25;a6ed2d499af391480d9853833e22f153c502dc4b;2004-03-25;a6ed2d499af391480d9853833e22f153c502dc4b;2004-03-25;2004-03-25;2004-03-25;CWE-190;5.0;AV:N/AC:L/Au:N/C:N/I:N/A:P;54490;54490;54490;54494;no
CVE-2018-14342;36af43dbb7673495948cd65d0346e8b9812b941c;2018-06-23;d127b573116f04352e811591644e15b69f0f7a62;2014-08-25;d127b573116f04352e811591644e15b69f0f7a62;2014-08-25;9036f093359a44e2ef845bec6be858228436957b;2014-12-11;2014-10-18;2014-10-18;CWE-834;7.8;AV:N/AC:L/Au:N/C:N/I:N/A:C;10421;10421;10421;9683;no
CVE-2018-14340;672d882a53f96730e4ef1e5b1639c585823b0df8;2018-05-29;c1ef044de5e4a28cbad0d010aeafe38da0be6750;2013-12-06;c1ef044de5e4a28cbad0d010aeafe38da0be6750;2013-12-06;c1ef044de5e4a28cbad0d010aeafe38da0be6750;2013-12-06;2013-12-06;2013-12-06;CWE-125;5.0;AV:N/AC:L/Au:N/C:N/I:N/A:P;14385;14385;14385;14398;no
CVE-2018-14339;3b77c0a596a8071aebc1de71e3f79e5e15e919ca;2018-06-10;f6e92a9e939a28327eea49b5931715ba97a62970;2000-03-12;f6e92a9e939a28327eea49b5931715ba97a62970;2000-03-12;61867d0b2f80971dc6927c50f61a4d2bb0420cad;2014-01-15;2007-06-14;2007-06-14;CWE-20;5.0;AV:N/AC:L/Au:N/C:N/I:N/A:P;63240;63240;63240;43418;no
CVE-2018-11362;f177008b04a530640de835ca878892e58b826d58;2018-04-30;9abbf8b69d830bff29705991d6ebb760ec2f4454;2016-04-22;9abbf8b69d830bff29705991d6ebb760ec2f4454;2016-04-22;9abbf8b69d830bff29705991d6ebb760ec2f4454;2016-04-22;2016-04-22;2016-04-22;CWE-125;5.0;AV:N/AC:L/Au:N/C:N/I:N/A:P;2208;2208;2208;2209;yes
CVE-2018-11361;1b52f9929238ce3948ec924ae4f9456b5e9df558;2018-05-18;6991149557ec9f82f2e90e1f95e23621dced5dfb;2016-02-04;6991149557ec9f82f2e90e1f95e23621dced5dfb;2016-02-04;e73e3580f6050e98cf5affa8f23d941845e77ecc;2018-02-24;2017-02-13;2016-04-09;CWE-119;5.0;AV:N/AC:L/Au:N/C:N/I:N/A:P;9457;9457;9457;8638;no
CVE-2018-11360;a55b36c51f83a7b9680824e8ee3a6ce8429ab24b;2018-05-15;7d6d893da3b20bd5313f5a53460a8714e974b7f0;2016-01-22;a8676c2fd756176136ec48c1dace955ebebe640c;2014-02-23;7d6d893da3b20bd5313f5a53460a8714e974b7f0;2016-01-22;2015-02-07;2015-02-07;CWE-119;5.0;AV:N/AC:L/Au:N/C:N/I:N/A:P;3352;13036;13036;7871;yes
CVE-2018-11359;beaebe91b14564fb9f86f0726bab09927872721b;2018-05-18;791f5774d0fdabdb706bfd7056e534713cc4e4d6;2001-12-18;9e4260ae467002f135c8d8dcb1252417d0fc4f83;2000-07-27;27f7d88c840a704b1b41324ace2e0fd3c2806857;2009-08-21;2004-01-21;2004-01-21;CWE-476;5.0;AV:N/AC:L/Au:N/C:N/I:N/A:P;60462;62706;62706;55167;no
CVE-2018-11358;ccb1ac3c8cec47fbbbf2e80ced80644005c65252;2018-05-14;197ceddab109a59288f0b0d868df2f5e6adb4da2;2005-02-01;fa2e49f50302397331b8cf996ecf514bb169e925;1999-11-13;28ea58251c04562cc0670e57bf073dc6966e73e6;2015-11-14;2007-03-23;2006-09-24;CWE-416;5.0;AV:N/AC:L/Au:N/C:N/I:N/A:P;51879;63831;63831;46046;yes
CVE-2018-11357;ab8a33ef083b9732c89117747a83a905a676faf6;2018-05-14;614e45a25a12b4ea472ba6f5ccdb750a6e76ed3d;2013-07-13;614e45a25a12b4ea472ba6f5ccdb750a6e76ed3d;2013-07-13;614e45a25a12b4ea472ba6f5ccdb750a6e76ed3d;2013-07-13;2013-07-13;2013-07-13;CWE-20;5.0;AV:N/AC:L/Au:N/C:N/I:N/A:P;17373;17373;17373;17377;no
CVE-2018-11356;4425716ddba99374749bd033d9bc0f4add2fb973;2018-05-14;ab377e1e092867de0ad51877aed0c2535018e689;2011-01-06;ab377e1e092867de0ad51877aed0c2535018e689;2011-01-06;5f8bd0c94ff6f1345aa49d58008c0343c995be6c;2018-05-14;2014-09-09;2014-09-09;CWE-476;5.0;AV:N/AC:L/Au:N/C:N/I:N/A:P;30949;30949;30949;10125;no
CVE-2018-11355;a584eab239d55e441433ead40c993e08a24c59fe;2018-01-30;43dc0d1157b536b5448367aefc660a138d0b0b7d;2010-03-16;65aadc0d79cd05828d81267237c3d5551409e461;2006-06-06;3a4f762bfc90ea2ccd7c875de40cf9a3d471d787;2014-02-14;2009-05-28;2009-02-18;CWE-119;5.0;AV:N/AC:L/Au:N/C:N/I:N/A:P;38969;52140;52140;43409;no
CVE-2018-11355;99d27a5fd2c540f837154aca3b3647f5ccfa0c33;2018-05-14;a584eab239d55e441433ead40c993e08a24c59fe;2018-01-30;43dc0d1157b536b5448367aefc660a138d0b0b7d;2010-03-16;a584eab239d55e441433ead40c993e08a24c59fe;2018-01-30;2014-02-21;2017-09-21;CWE-119;5.0;AV:N/AC:L/Au:N/C:N/I:N/A:P;1046;40015;40015;2477;no
CVE-2018-11354;05b1d35586aee37dad7d84fa27531fc9794a41c9;2017-10-26;1bd438ba5236d81afeb2190f637e85eb6a12beaf;2016-07-13;1bd438ba5236d81afeb2190f637e85eb6a12beaf;2016-07-13;1bd438ba5236d81afeb2190f637e85eb6a12beaf;2016-07-13;2016-07-13;2016-07-13;CWE-20;5.0;AV:N/AC:L/Au:N/C:N/I:N/A:P;5322;5322;5322;5331;no
CVE-2018-11354;cb517a4a434387e74a2f75ebb106ee3c3893251c;2018-05-02;05b1d35586aee37dad7d84fa27531fc9794a41c9;2017-10-26;05b1d35586aee37dad7d84fa27531fc9794a41c9;2017-10-26;05b1d35586aee37dad7d84fa27531fc9794a41c9;2017-10-26;2017-10-26;2017-10-26;CWE-20;5.0;AV:N/AC:L/Au:N/C:N/I:N/A:P;2077;2077;2077;2097;no
CVE-2018-9274;211845aba4794720ae265c782cdffddae54a3e7a;2018-03-07;347a19ae9629ad06ab597a176672c9098c9af64a;2017-04-20;347a19ae9629ad06ab597a176672c9098c9af64a;2017-04-20;211845aba4794720ae265c782cdffddae54a3e7a;2018-03-07;2017-09-27;2017-08-05;CWE-772;5.0;AV:N/AC:L/Au:N/C:N/I:N/A:P;1190;1190;1190;397;no
CVE-2018-9274;f38e895dfc0d97bce64f73ce99df706911d9aa07;2018-03-07;9e9d284d9157a8b79964015be868f4e8c43274c3;2017-04-20;9e9d284d9157a8b79964015be868f4e8c43274c3;2017-04-20;b94d3af3039b8bdfbd4d760fda412fdfa121b732;2018-03-07;2017-09-27;2017-08-05;CWE-772;5.0;AV:N/AC:L/Au:N/C:N/I:N/A:P;3656;3656;3656;2529;no
CVE-2018-9273;1f8f1456f1e73b6c09e50a64749e43413ac12df7;2018-03-07;6198a437ed18df49fb5206cc41b88ec5892ff51a;2015-12-02;6198a437ed18df49fb5206cc41b88ec5892ff51a;2015-12-02;6198a437ed18df49fb5206cc41b88ec5892ff51a;2015-12-02;2015-12-02;2015-12-02;CWE-772;5.0;AV:N/AC:L/Au:N/C:N/I:N/A:P;4040;4040;4040;4049;yes
CVE-2018-9272;6e3b90824a82724f445a0374e99f0b76e4cf5e8b;2018-03-07;86fe2be4dc2f5f5ff09e0d6c00277d7a9bf09ffd;2015-10-22;33af75a599a57488e90b20d8a3d1d051c4a850d4;2008-06-28;86fe2be4dc2f5f5ff09e0d6c00277d7a9bf09ffd;2015-10-22;2012-02-24;2012-02-24;CWE-772;5.0;AV:N/AC:L/Au:N/C:N/I:N/A:P;4721;39863;39863;25616;no
CVE-2018-9271;5b0228945dc74ee82d2ab4a4e7af2bdfe7b75910;2018-03-07;d6f83a375d29217f4bf8e5e6b59672030fa4e602;2016-08-23;7b1032f9b082e73149ebc542e6c1a1768658c218;2007-07-14;d6f83a375d29217f4bf8e5e6b59672030fa4e602;2016-08-23;2012-06-17;2012-04-24;CWE-772;5.0;AV:N/AC:L/Au:N/C:N/I:N/A:P;871;43071;43071;24658;no
CVE-2018-9270;0fbc50f9b9219be54d6db47f04b65af19696a7c7;2018-03-07;5e7a8a9a876cfcd1a471eb7f59e50e41726eb340;2007-08-27;5e7a8a9a876cfcd1a471eb7f59e50e41726eb340;2007-08-27;5e7a8a9a876cfcd1a471eb7f59e50e41726eb340;2007-08-27;2007-08-27;2007-08-27;CWE-772;5.0;AV:N/AC:L/Au:N/C:N/I:N/A:P;42686;42686;42686;42699;no
CVE-2018-9269;e19aba33026212cbe000ece633adf14d109489fa;2018-03-07;995f8522b3ae2f76fd757fd2e61896d974fc4b01;2001-06-18;995f8522b3ae2f76fd757fd2e61896d974fc4b01;2001-06-18;995f8522b3ae2f76fd757fd2e61896d974fc4b01;2001-06-18;2001-06-18;2001-06-18;CWE-772;5.0;AV:N/AC:L/Au:N/C:N/I:N/A:P;61253;61253;61253;61259;no
CVE-2018-9268;c69d710d2bf39fe633800db65efddf55701131b6;2018-03-07;9498ad3a2d52613b028393c0aadd4bd7f70dc911;2007-05-15;9498ad3a2d52613b028393c0aadd4bd7f70dc911;2007-05-15;81e80f2c0b43144a020ded42a2c5b8e9b66c6b2a;2013-03-17;2010-04-15;2008-03-14;CWE-772;5.0;AV:N/AC:L/Au:N/C:N/I:N/A:P;46981;46981;46981;44234;no
CVE-2018-9267;8ed057f7faa709dbde34b91f0715a957837f74d9;2018-03-07;86fe2be4dc2f5f5ff09e0d6c00277d7a9bf09ffd;2015-10-22;c5e9eb9df78dcf181cffb1ed9c88fc6e1735e6c6;2008-05-26;86fe2be4dc2f5f5ff09e0d6c00277d7a9bf09ffd;2015-10-22;2012-08-20;2013-06-06;CWE-772;5.0;AV:N/AC:L/Au:N/C:N/I:N/A:P;4720;40089;40089;17985;no
CVE-2018-9266;9d3714e767cb104dcfa1647935fa5960b16bb8e1;2018-03-07;527796b4ffdbd0a0fa73034d0e16f3b01ebf19a0;2014-10-22;527796b4ffdbd0a0fa73034d0e16f3b01ebf19a0;2014-10-22;bba77c3fc04e6fc7b9485611c99fbd9a5e3f12fe;2014-11-03;2014-10-28;2014-10-28;CWE-772;5.0;AV:N/AC:L/Au:N/C:N/I:N/A:P;9440;9440;9440;9408;no
CVE-2018-9265;b12cc581cd4878d74b6116ca02c7dbe650c1f242;2018-03-06;86fe2be4dc2f5f5ff09e0d6c00277d7a9bf09ffd;2015-10-22;891d655e8ad94e46ced1034f0334a2c2f0765556;2009-07-17;86fe2be4dc2f5f5ff09e0d6c00277d7a9bf09ffd;2015-10-22;2012-09-03;2012-09-03;CWE-772;5.0;AV:N/AC:L/Au:N/C:N/I:N/A:P;4717;36555;36555;22427;no
CVE-2018-9264;0290a62be0fca8da9bb190f59dc1fe26c1d65024;2018-02-28;c2f58d396212f59e1c0c572319d74107f82c4a8c;2014-10-22;c2f58d396212f59e1c0c572319d74107f82c4a8c;2014-10-22;0290a62be0fca8da9bb190f59dc1fe26c1d65024;2018-02-28;2016-06-25;2015-03-24;CWE-787;5.0;AV:N/AC:L/Au:N/C:N/I:N/A:P;9424;9424;9424;7218;yes
CVE-2018-9263;4fe65168fd0de81306710330aa414f10f53cbdf0;2018-03-28;7acaf8552b88bb02b9d553a3151fc5e6f2414f45;2014-04-25;7acaf8552b88bb02b9d553a3151fc5e6f2414f45;2014-04-25;7acaf8552b88bb02b9d553a3151fc5e6f2414f45;2014-04-25;2014-04-25;2014-04-25;NVD-CWE-noinfo;5.0;AV:N/AC:L/Au:N/C:N/I:N/A:P;12159;12159;12159;12176;no
CVE-2018-9262;f05c3b91f9571210b86576ee6284e71a3306109d;2018-03-06;7e312c9bbc83f9241c85d439b9c3dd47fac0763f;2013-11-08;7e312c9bbc83f9241c85d439b9c3dd47fac0763f;2013-11-08;f05c3b91f9571210b86576ee6284e71a3306109d;2018-03-06;2016-01-06;2014-09-19;CWE-20;5.0;AV:N/AC:L/Au:N/C:N/I:N/A:P;14910;14910;14910;9963;no
CVE-2018-9261;66bc372716e04d6a8afdf6712583c9b5d11fee55;2018-03-05;c5d3f8c2ba8923e7a264e8ddf829477a94ae6bcb;2012-05-20;e134cca032f27c263bbd22472a4013106f03d2f9;2012-05-15;bebd3a1f50b0a27738d8d3da5b33c1b392eb7273;2018-02-19;2013-05-05;2012-10-16;CWE-834;5.0;AV:N/AC:L/Au:N/C:N/I:N/A:P;24178;24250;24250;21690;yes
CVE-2018-9260;14d6f717d8ea27688af48532edb1d29f502ea8f0;2018-03-05;26f0f7bc7a921b2096ae13544e04cc900efbad33;2010-10-26;26f0f7bc7a921b2096ae13544e04cc900efbad33;2010-10-26;9b7fb8a81120f99babc82e25416f9e25fe616c73;2013-11-23;2012-10-21;2012-04-22;CWE-20;5.0;AV:N/AC:L/Au:N/C:N/I:N/A:P;31560;31560;31560;24666;no
CVE-2018-9259;2113179835b37549f245ac7c05ff2b96276893e4;2018-03-01;3fe6a50c03903df37579f189bbc3fd001a9f34cf;2013-06-14;3fe6a50c03903df37579f189bbc3fd001a9f34cf;2013-06-14;c0e48778b7c54dcd02b3700ff467031648d33bce;2016-03-28;2014-05-29;2014-03-16;CWE-20;5.0;AV:N/AC:L/Au:N/C:N/I:N/A:P;21280;21280;21280;16081;no
CVE-2018-9258;2d4695de1477df60b0188fd581c0c279db601978;2018-03-21;21e0a63b295a159b5876018eb03d714a4600a8eb;2014-01-30;a2414d8909088ddb40c907886e725993e6baecb5;2013-03-22;21e0a63b295a159b5876018eb03d714a4600a8eb;2014-01-30;2013-08-26;2013-08-26;CWE-20;5.0;AV:N/AC:L/Au:N/C:N/I:N/A:P;16601;22539;22539;19888;no
CVE-2018-9257;d7a9501b0439a5dbf24016a95b4896170d789dc2;2018-03-17;69a258514762405ce06ea5f65b7e8671743b65a1;2016-06-01;69a258514762405ce06ea5f65b7e8671743b65a1;2016-06-01;a5c64ecb0e143ad462acf1ffb727065b2c867183;2017-06-07;2016-12-26;2016-10-29;CWE-835;5.0;AV:N/AC:L/Au:N/C:N/I:N/A:P;5136;5136;5136;3104;no
CVE-2018-9256;dac48f148538c706c446e5105d84ebcb54587528;2018-03-07;a42fd8fa504d53c0ca5293f740b12c54bf9ec5a1;2003-08-29;a42fd8fa504d53c0ca5293f740b12c54bf9ec5a1;2003-08-29;794757ae8fbee85db2b24bc46b7e9cc492de01df;2011-10-21;2005-10-06;2005-05-31;CWE-20;5.0;AV:N/AC:L/Au:N/C:N/I:N/A:P;56554;56554;56554;50577;no
CVE-2018-7421;e8be5adae469ba563acfad2c2b98673e1afaf901;2018-02-22;d368f9325b34839f8d2a6e143c4c567815317fc0;2011-06-01;d368f9325b34839f8d2a6e143c4c567815317fc0;2011-06-01;93be0fb393fb97016a188d0cb51dc4cba1cfec1d;2013-06-12;2012-06-29;2011-12-15;CWE-835;5.0;AV:N/AC:L/Au:N/C:N/I:N/A:P;28940;28940;28940;26467;no
CVE-2018-7420;129e41f9f63885ad8224ef413c2860788fb9e849;2018-02-09;2429df9c51301859602df1476e391682d665f677;2013-06-07;4f565d1a4dcfe67006ee3799507f0340e0898734;2008-01-13;183732fb8f6d8fcd4e56730a957963ef1baa1484;2016-01-16;2012-07-05;2013-10-13;NVD-CWE-noinfo;5.0;AV:N/AC:L/Au:N/C:N/I:N/A:P;17905;41278;41278;15401;no
CVE-2018-7419;bebd3a1f50b0a27738d8d3da5b33c1b392eb7273;2018-02-19;9c9fd67d8b8476176046838c3f36e7defcbaff33;2016-07-20;e134cca032f27c263bbd22472a4013106f03d2f9;2012-05-15;9c9fd67d8b8476176046838c3f36e7defcbaff33;2016-07-20;2013-05-27;2014-05-15;CWE-665;5.0;AV:N/AC:L/Au:N/C:N/I:N/A:P;967;24209;24209;11827;yes
CVE-2018-7418;29d920b8309905dda11ad397596fe8aafc9b4bf7;2018-02-12;0a9a2554a46ce4e040dba669a3ed22f0e9ab709e;2015-06-23;0a9a2554a46ce4e040dba669a3ed22f0e9ab709e;2015-06-23;0a9a2554a46ce4e040dba669a3ed22f0e9ab709e;2015-06-23;2015-06-23;2015-06-23;NVD-CWE-noinfo;5.0;AV:N/AC:L/Au:N/C:N/I:N/A:P;9538;9538;9538;9574;no
CVE-2018-7417;81216a176b25dd8a616e11808a951e141a467009;2018-02-12;977a811217d2ce9853aeeac4e4e97167d35a94fb;2014-06-06;46a26582ec6db7f495ccda806f40ca5a0afc6989;2008-08-06;977a811217d2ce9853aeeac4e4e97167d35a94fb;2014-06-06;2011-07-07;2011-07-07;NVD-CWE-noinfo;5.0;AV:N/AC:L/Au:N/C:N/I:N/A:P;14953;42896;42896;31947;no
CVE-2018-7337;511a8b0b546d25413e289dc5a7d3a455a33994c2;2018-02-20;8a9b35cb5e016f8e5936d0dd48d9edc6fb64d57a;2002-07-12;8a9b35cb5e016f8e5936d0dd48d9edc6fb64d57a;2002-07-12;0eb2fb7077b2023c83b290b0adbc46e263166613;2017-09-25;2012-05-17;2009-08-11;NVD-CWE-noinfo;5.0;AV:N/AC:L/Au:N/C:N/I:N/A:P;62348;62348;62348;39683;no
CVE-2018-7336;b56f598f1bc04f5d00f13b38c713763928cedb7c;2018-02-07;80424e5ced9f0359fe3f6049369b6251783d9e0d;2009-10-17;80424e5ced9f0359fe3f6049369b6251783d9e0d;2009-10-17;e185ad6ac9dca6e3b7b19fd37009b6205ce19b20;2014-04-29;2012-01-22;2012-01-22;CWE-476;5.0;AV:N/AC:L/Au:N/C:N/I:N/A:P;35098;35098;35098;26044;no
CVE-2018-7335;a2901dcf45c9f1b07abfbf2a0b0cd654371d72a4;2018-02-22;6991149557ec9f82f2e90e1f95e23621dced5dfb;2016-02-04;b5a8677250457bf9bab44eba58d4e8ccc9a8ce29;2008-07-30;6991149557ec9f82f2e90e1f95e23621dced5dfb;2016-02-04;2013-07-27;2014-07-30;NVD-CWE-noinfo;5.0;AV:N/AC:L/Au:N/C:N/I:N/A:P;3068;39584;39584;10669;yes
CVE-2018-7334;8ed705e1227d3d582e3f0de435bba606d053d686;2018-01-13;fe630ec1dfb3ce6d383fe0a7a05d70dcb1b2f370;2012-07-16;fe630ec1dfb3ce6d383fe0a7a05d70dcb1b2f370;2012-07-16;ad7c4a4bbadb408c4b0b0cc385a3db17209a1c98;2012-07-27;2012-07-23;2012-07-21;NVD-CWE-noinfo;5.0;AV:N/AC:L/Au:N/C:N/I:N/A:P;23219;23219;23219;23109;yes
CVE-2018-7333;bd6313181317bfe83842b27650b65f3c2b8d5dc9;2018-02-21;d686f6eb5d6ead7ae659b1bbd5b561e580d0e03d;2017-04-06;043e92ab030094036d1188daf728f546e6a5f668;2016-12-03;d686f6eb5d6ead7ae659b1bbd5b561e580d0e03d;2017-04-06;2017-01-14;2017-02-16;CWE-835;5.0;AV:N/AC:L/Au:N/C:N/I:N/A:P;325;543;543;427;no
CVE-2018-7332;1ab0585098c7ce20f3afceb6730427cc2a1e98ea;2018-02-20;e022b330dfcdacf00a82e714e5b82f2947fb26ce;2011-10-06;e022b330dfcdacf00a82e714e5b82f2947fb26ce;2011-10-06;e022b330dfcdacf00a82e714e5b82f2947fb26ce;2011-10-06;2011-10-06;2011-10-06;CWE-835;5.0;AV:N/AC:L/Au:N/C:N/I:N/A:P;27286;27286;27286;27302;no
CVE-2018-7331;157712b2f5f89b19ef2497ea89c5938eb29529da;2018-02-21;08c0247b78116dcfdba342222810697482108d3a;2014-12-03;914d48e098e2f73010543c9f93e9d98cffb8d445;2006-09-22;08c0247b78116dcfdba342222810697482108d3a;2014-12-03;2012-06-02;2013-08-10;CWE-835;5.0;AV:N/AC:L/Au:N/C:N/I:N/A:P;8887;45964;45964;16658;no
CVE-2018-7330;8ad0c5b3683a17d9e2e16bbf25869140fd5c1c66;2018-02-17;14ba81598da88390d26d3082da735743d6d41074;2017-04-10;14ba81598da88390d26d3082da735743d6d41074;2017-04-10;008e6eff4e09e828226334401af82d242b84be4f;2017-05-12;2017-04-26;2017-04-20;CWE-835;5.0;AV:N/AC:L/Au:N/C:N/I:N/A:P;1280;1280;1280;1113;no
CVE-2018-7329;d8a0cbc4f2979e0b1cadbe79f0b8b4ecb92477be;2018-02-18;1c1f187989e982a8172bb03542721c0cda6d9006;2014-09-04;1c1f187989e982a8172bb03542721c0cda6d9006;2014-09-04;2030ed5e454b37af1a5bf07c42b2b4f2ccf00f0e;2016-01-04;2015-05-05;2014-12-15;CWE-193;5.0;AV:N/AC:L/Au:N/C:N/I:N/A:P;10062;10062;10062;8740;no
CVE-2018-7328;69d09028c956f6e049145485ce9b3e2858789b2b;2018-02-18;62d78199eee5d239b826442c6edd95aeeef1540b;2017-03-31;62d78199eee5d239b826442c6edd95aeeef1540b;2017-03-31;62d78199eee5d239b826442c6edd95aeeef1540b;2017-03-31;2017-03-31;2017-03-31;CWE-835;5.0;AV:N/AC:L/Au:N/C:N/I:N/A:P;1409;1409;1409;1421;no
CVE-2018-7327;563989f888e51258edb9a27db56124bdc33c9afe;2018-02-14;8082e7ceea9c3a10ee99b89e6d853e537f3d78bb;2017-05-14;8082e7ceea9c3a10ee99b89e6d853e537f3d78bb;2017-05-14;8082e7ceea9c3a10ee99b89e6d853e537f3d78bb;2017-05-14;2017-05-14;2017-05-14;CWE-835;5.0;AV:N/AC:L/Au:N/C:N/I:N/A:P;802;802;802;815;no
CVE-2018-7326;293b999425e998d6cde0d9149648e421ea7687d0;2018-02-18;2c0214efff7b3421355e42ee7f3075c2f3181d3e;2014-06-22;2c0214efff7b3421355e42ee7f3075c2f3181d3e;2014-06-22;2c0214efff7b3421355e42ee7f3075c2f3181d3e;2014-06-22;2014-06-22;2014-06-22;CWE-835;5.0;AV:N/AC:L/Au:N/C:N/I:N/A:P;14588;14588;14588;14615;no
CVE-2018-7325;7be234d06ea39ab6a88115ae41d71060f1f15e3c;2018-02-12;17679a873323750b34e475e5be4da975df20f58a;2013-02-04;17679a873323750b34e475e5be4da975df20f58a;2013-02-04;14b0d710f500c45e023e8175876f88a6ecc1c539;2014-08-28;2013-11-16;2013-08-13;CWE-835;5.0;AV:N/AC:L/Au:N/C:N/I:N/A:P;23360;23360;23360;19961;no
CVE-2018-7324;9e7695bbee18525eaa6d12b32230313ae8a36a81;2018-02-12;e086394a980b812546a59338e865aac145b60696;2003-03-21;e086394a980b812546a59338e865aac145b60696;2003-03-21;534b5967c0cbedf1cf3fb50278d43f981d8b64ab;2014-11-22;2009-01-20;2009-01-20;CWE-835;5.0;AV:N/AC:L/Au:N/C:N/I:N/A:P;57442;57442;57442;38253;no
CVE-2018-7323;4f9199ea8cff56c6704e9828c3d80360b27c4565;2018-02-12;dcbc510a4c8ae80ad946c72e937dc6f0d9a12342;2013-09-28;3d636a27770e4f3335fe898632d54b5a349c1ad4;2013-05-31;dcbc510a4c8ae80ad946c72e937dc6f0d9a12342;2013-09-28;2013-07-30;2013-07-30;CWE-834;5.0;AV:N/AC:L/Au:N/C:N/I:N/A:P;15711;18016;18016;16844;no
CVE-2018-7323;5d45b69b590cabc5127282d1ade3bca1598e5f5c;2018-02-22;3d636a27770e4f3335fe898632d54b5a349c1ad4;2013-05-31;bdf8c5d57458eae4b33070c327b115f36b34f8c4;2009-04-06;ba3cfb403a403647241062b933ff82808ac62a59;2018-02-12;2014-01-05;2013-12-20;CWE-834;5.0;AV:N/AC:L/Au:N/C:N/I:N/A:P;23735;43300;43300;19530;no
CVE-2018-7322;afc780e2c796e971bb7d164103f4f0d10d3c25b5;2018-02-18;93a0edf6dde248ee0b5ac03fd3f783145a6ac771;2008-10-11;93a0edf6dde248ee0b5ac03fd3f783145a6ac771;2008-10-11;93a0edf6dde248ee0b5ac03fd3f783145a6ac771;2008-10-11;2008-10-11;2008-10-11;CWE-835;5.0;AV:N/AC:L/Au:N/C:N/I:N/A:P;39067;39067;39067;39071;no
CVE-2018-7321;c784d551ad50864de1035ce54e72837301cf6aca;2018-02-06;b5a44d258b7c3909dace69ebe6fa9d53f54ec3d9;2015-05-06;b5a44d258b7c3909dace69ebe6fa9d53f54ec3d9;2015-05-06;8dd13f4520e023ca67cc9d6b382237b4944a7373;2016-02-03;2015-07-13;2015-06-28;CWE-834;5.0;AV:N/AC:L/Au:N/C:N/I:N/A:P;6762;6762;6762;6029;no
CVE-2018-7320;015e3399390b8b5cfbfcfcda30589983ab6cc129;2018-02-14;d2d699aeb020415d355fb9f04339cae1badf7f16;2015-01-20;d2d699aeb020415d355fb9f04339cae1badf7f16;2015-01-20;5f8c555615b35508b0d8cbcec31d53f67331752a;2016-02-21;2015-07-07;2015-03-17;NVD-CWE-noinfo;5.0;AV:N/AC:L/Au:N/C:N/I:N/A:P;7991;7991;7991;7239;yes
CVE-2018-6836;52823805b29a44a83eacd0e5b415b11227ec313b;2017-08-30;8f3a3914fe3a01001fd1062ac693a5e41a466b59;2017-08-29;959e02e54092a6e9e780ff830c09d188345eed77;1999-12-05;8f3a3914fe3a01001fd1062ac693a5e41a466b59;2017-08-29;2008-10-22;2011-11-30;CWE-763;7.5;AV:N/AC:L/Au:N/C:P/I:P/A:P;3;67176;67176;30257;no
CVE-2018-6836;28960d79cca262ac6b974f339697b299a1e28fef;2018-02-07;52823805b29a44a83eacd0e5b415b11227ec313b;2017-08-30;52823805b29a44a83eacd0e5b415b11227ec313b;2017-08-30;52823805b29a44a83eacd0e5b415b11227ec313b;2017-08-30;2017-08-30;2017-08-30;CWE-763;7.5;AV:N/AC:L/Au:N/C:P/I:P/A:P;1823;1823;1823;1825;no
CVE-2018-5336;4f4c95cf46ba6adbd10b09747e10742801bc706b;2018-01-09;eb25173d603bc69913d508dc858ef84fe1ad1e48;2005-12-28;eb25173d603bc69913d508dc858ef84fe1ad1e48;2005-12-28;eb25173d603bc69913d508dc858ef84fe1ad1e48;2005-12-28;2005-12-28;2005-12-28;CWE-119;5.0;AV:N/AC:L/Au:N/C:N/I:N/A:P;48115;48115;48115;48120;yes
CVE-2018-5336;f6702e49a9720d173246668495eece6d77eca5b0;2018-01-09;eb25173d603bc69913d508dc858ef84fe1ad1e48;2005-12-28;eb25173d603bc69913d508dc858ef84fe1ad1e48;2005-12-28;eb25173d603bc69913d508dc858ef84fe1ad1e48;2005-12-28;2005-12-28;2005-12-28;CWE-119;5.0;AV:N/AC:L/Au:N/C:N/I:N/A:P;48116;48116;48116;48121;yes
CVE-2018-5335;086b87376b988c555484349aa115d6e08ac6db07;2018-01-09;c400685ad612683be83c4b6ba0263d706ed8d508;2001-03-23;c400685ad612683be83c4b6ba0263d706ed8d508;2001-03-23;467f128306df3ff058c702b39f3941026f61813f;2013-09-12;2007-06-18;2004-05-05;CWE-119;4.3;AV:N/AC:M/Au:N/C:N/I:N/A:P;61561;61561;61561;53991;yes
CVE-2018-5334;dc308c05ba0673460fe80873b22d296880ee996d;2018-01-10;45252c84e3dd2dad2844f570e257619d83c4469c;2012-04-20;45252c84e3dd2dad2844f570e257619d83c4469c;2012-04-20;072b990f052f4e04334734b5a15e2270c2b1318b;2014-03-16;2013-09-14;2013-02-13;CWE-119;4.3;AV:N/AC:M/Au:N/C:N/I:N/A:P;24632;24632;24632;19777;yes
CVE-2017-17997;80a695869c9aef2fb473d9361da068022be7cb50;2017-12-29;421913b721d5b12c1f6c8a09daec35d8bae58bb5;2014-11-08;421913b721d5b12c1f6c8a09daec35d8bae58bb5;2014-11-08;421913b721d5b12c1f6c8a09daec35d8bae58bb5;2014-11-08;2014-11-08;2014-11-08;CWE-476;5.0;AV:N/AC:L/Au:N/C:N/I:N/A:P;9133;9133;9133;9140;no
CVE-2017-17935;137ab7d5681486c6d6cc8faac4300b7cd4ec0cf1;2017-12-26;04d950130624c14ac8af39c621f69851d8088ed6;2014-03-19;04d950130624c14ac8af39c621f69851d8088ed6;2014-03-19;04d950130624c14ac8af39c621f69851d8088ed6;2014-03-19;2014-03-19;2014-03-19;CWE-125;5.0;AV:N/AC:L/Au:N/C:N/I:N/A:P;17550;17550;17550;17551;no
CVE-2017-17085;f5939debe96e3c3953c6020818f1fbb80eb83ce8;2017-11-29;6b2b82d213c65d72749e0a6360f8ea7cd6ae5069;2012-02-27;6b2b82d213c65d72749e0a6360f8ea7cd6ae5069;2012-02-27;6b2b82d213c65d72749e0a6360f8ea7cd6ae5069;2012-02-27;2012-02-27;2012-02-27;CWE-754;5.0;AV:N/AC:L/Au:N/C:N/I:N/A:P;25469;25469;25469;25472;yes
CVE-2017-17084;8502fe94ef9e431860921507e1a351c5e3f5c634;2017-11-25;ca57423786b8721940dab82affb1b8316d555de1;2008-04-12;ca57423786b8721940dab82affb1b8316d555de1;2008-04-12;c9c3162ef34886788221eab57012af7e67eca676;2016-04-19;2013-01-23;2011-09-03;CWE-754;5.0;AV:N/AC:L/Au:N/C:N/I:N/A:P;43758;43758;43758;30951;yes
CVE-2017-17083;79768d63d14fbce6bf7fb4d4a1c86be0c5205eb3;2017-11-30;617a6d883ee1cc97d87ad4dd51960920424f37c0;2002-07-22;617a6d883ee1cc97d87ad4dd51960920424f37c0;2002-07-22;617a6d883ee1cc97d87ad4dd51960920424f37c0;2002-07-22;2002-07-22;2002-07-22;CWE-754;5.0;AV:N/AC:L/Au:N/C:N/I:N/A:P;58835;58835;58835;58837;yes
CVE-2017-15193;afb9ff7982971aba6e42472de0db4c1bedfc641b;2017-09-14;abd287fcf9f90285869ffd2b259528a1f98bef1d;2016-07-13;c8be3dcee27e2fd2e0da79c64ff24605036b68bc;2013-09-29;c4901ca31f484c88a7947a6c2354ae194694599a;2017-09-06;2015-10-19;2015-07-23;CWE-400;7.8;AV:N/AC:L/Au:N/C:N/I:N/A:C;4884;19520;19520;9560;no
CVE-2017-15192;3689dc1db36037436b1616715f9a3f888fc9a0f6;2017-09-11;8ba3d6fbe668748097ce2dc4b8203a1c80b81be0;2015-02-03;8ba3d6fbe668748097ce2dc4b8203a1c80b81be0;2015-02-03;8ba3d6fbe668748097ce2dc4b8203a1c80b81be0;2015-02-03;2015-02-03;2015-02-03;NVD-CWE-noinfo;5.0;AV:N/AC:L/Au:N/C:N/I:N/A:P;11605;11605;11605;11611;no
CVE-2017-15191;8dbb21dfde14221dab09b6b9c7719b9067c1f06e;2017-09-17;d368f9325b34839f8d2a6e143c4c567815317fc0;2011-06-01;d368f9325b34839f8d2a6e143c4c567815317fc0;2011-06-01;a49e5523d0f32a3562d1c079aa8de32f5bb02de3;2015-04-07;2013-06-17;2011-12-04;CWE-134;5.0;AV:N/AC:L/Au:N/C:N/I:N/A:P;32788;32788;32788;30422;no
CVE-2017-15190;e27870eaa6efa1c2dac08aa41a67fe9f0839e6e0;2017-09-20;1a38cdeef7a8ae4435896606eeca85897d0d5829;2016-12-22;1a38cdeef7a8ae4435896606eeca85897d0d5829;2016-12-22;1a38cdeef7a8ae4435896606eeca85897d0d5829;2016-12-22;2016-12-22;2016-12-22;NVD-CWE-noinfo;5.0;AV:N/AC:L/Au:N/C:N/I:N/A:P;2989;2989;2989;2990;no
CVE-2017-15189;625bab309d9dd21db2d8ae2aa3511810d32842a8;2017-09-25;3e1828e35188e1987554b50ed2451de90398b5af;2016-11-22;3e1828e35188e1987554b50ed2451de90398b5af;2016-11-22;3e1828e35188e1987554b50ed2451de90398b5af;2016-11-22;2016-11-22;2016-11-22;CWE-772;5.0;AV:N/AC:L/Au:N/C:N/I:N/A:P;3384;3384;3384;3389;no
CVE-2017-15189;3e1828e35188e1987554b50ed2451de90398b5af;2016-11-22;8a9b35cb5e016f8e5936d0dd48d9edc6fb64d57a;2002-07-12;8a9b35cb5e016f8e5936d0dd48d9edc6fb64d57a;2002-07-12;3e1828e35188e1987554b50ed2451de90398b5af;2016-11-22;2010-04-30;2006-06-21;CWE-772;5.0;AV:N/AC:L/Au:N/C:N/I:N/A:P;59536;59536;59536;47256;no
CVE-2017-13767;6f18ace2a2683418a9368a8dfd92da6bd8213e15;2017-07-30;08b6ae03065e67385f8146895f68fd8162cea479;2001-07-11;08b6ae03065e67385f8146895f68fd8162cea479;2001-07-11;aa1f55610b4a872eb1160a27fae1fa12cd28a5ed;2015-09-02;2010-05-29;2006-07-19;CWE-20;7.8;AV:N/AC:L/Au:N/C:N/I:N/A:C;57797;57797;57797;43180;no
CVE-2017-13766;2096bc1e5078732543e0a3ee115a2ce520a72bbc;2017-08-23;c0e679e0a991103db30bb8d57e8172ab29671884;2016-05-26;b99cf21c2546bc8260d50f17e60ab614092dac24;2015-04-08;8cd167a06cdba22f4b1efeb8929228d387ea5f23;2016-07-17;2016-02-06;2016-02-04;CWE-787;5.0;AV:N/AC:L/Au:N/C:N/I:N/A:P;1584;6907;6907;2921;yes
CVE-2017-13766;af7b093ca528516c14247acb545046199d30843e;2017-08-28;c0e679e0a991103db30bb8d57e8172ab29671884;2016-05-26;c0e679e0a991103db30bb8d57e8172ab29671884;2016-05-26;8cd167a06cdba22f4b1efeb8929228d387ea5f23;2016-07-17;2016-06-21;2016-06-03;CWE-787;5.0;AV:N/AC:L/Au:N/C:N/I:N/A:P;1592;1592;1592;1492;yes
CVE-2017-13765;94666d4357096fc45e3bcad3d9414a14f0831bc8;2017-08-25;94e9e2b1ec8fe12b927fb0ec09b976982c5a5369;2008-10-31;94e9e2b1ec8fe12b927fb0ec09b976982c5a5369;2008-10-31;94e9e2b1ec8fe12b927fb0ec09b976982c5a5369;2008-10-31;2008-10-31;2008-10-31;CWE-125;5.0;AV:N/AC:L/Au:N/C:N/I:N/A:P;35565;35565;35565;35584;no
CVE-2017-13764;b87ffbd12bddf64582c0a6e082b462744474de94;2017-07-29;35a13838146ac5d83b57435ff34f2960ea911248;2015-11-06;35a13838146ac5d83b57435ff34f2960ea911248;2015-11-06;1420e0a13a9721c064f72824ca58916f4d8cedcc;2017-05-25;2016-11-10;2016-08-09;CWE-476;5.0;AV:N/AC:L/Au:N/C:N/I:N/A:P;7518;7518;7518;3741;no
CVE-2017-11411;a83a324acdfc07a0ca8b65e6ebaba3374ab19c76;2017-07-17;4a5b3a62fe30325cb00d1fefbb73774a96818c6f;2013-04-11;81bc7b28aad696b8f20028f706501276b820a4ea;2012-03-19;a83a324acdfc07a0ca8b65e6ebaba3374ab19c76;2017-07-17;2014-04-28;2013-10-20;CWE-20;7.8;AV:N/AC:L/Au:N/C:N/I:N/A:C;15443;21793;21793;11981;no
CVE-2017-11410;3c7168cc5f044b4da8747d35da0b2b204dabf398;2017-06-14;c462f1b54ed4459c0c93dabbf5fe30f224e796a6;2015-08-10;066ba23f0b466e739d82901aa8e6b79ced4a35b1;2010-01-26;2f322f66cbcca2fefdaa630494f9d6c97eb659b7;2017-03-12;2015-02-27;2014-11-06;CWE-20;7.8;AV:N/AC:L/Au:N/C:N/I:N/A:C;2268;30808;30808;5879;no
CVE-2017-11409;57b83bbbd76f543eb8d108919f13b662910bff9a;2017-06-20;3ea9adb2ffda57260aee4687201c91cb1ba10196;2008-07-28;3ea9adb2ffda57260aee4687201c91cb1ba10196;2008-07-28;21381b2f37ebbc0cb95ce22053057c4af6bb8a38;2008-08-01;2008-07-30;2008-07-30;CWE-834;7.8;AV:N/AC:L/Au:N/C:N/I:N/A:C;36288;36288;36288;36278;no
CVE-2017-11408;a102c172b0b2fe231fdb49f4f6694603f5b93b0c;2017-06-20;b1d33db258248d37984028eb3cf06075d8f4154d;2015-08-16;f5931c75599ef14b31f3eb8a0eb3e93a775bb903;2014-01-20;b1d33db258248d37984028eb3cf06075d8f4154d;2015-08-16;2014-11-02;2015-03-25;CWE-20;5.0;AV:N/AC:L/Au:N/C:N/I:N/A:P;5306;13065;13065;6961;yes
CVE-2017-11408;e57c86ef8e3b57b7f90c224f6053d1eacf20e1ba;2017-06-20;f5931c75599ef14b31f3eb8a0eb3e93a775bb903;2014-01-20;f5931c75599ef14b31f3eb8a0eb3e93a775bb903;2014-01-20;f5931c75599ef14b31f3eb8a0eb3e93a775bb903;2014-01-20;2014-01-20;2014-01-20;CWE-20;5.0;AV:N/AC:L/Au:N/C:N/I:N/A:P;9954;9954;9954;9961;yes
CVE-2017-11407;4e54dae7f0d7840836ee6d5ce1e688f152ab2978;2017-06-20;5bd199d8f5a2aad01323b4ffb76ad25e7165e945;2013-09-15;8e9d0bd9b60de1194b66fe19c08db0a6401cde57;2004-05-01;e37275bfdee7a0ea4745def144d4a0e5c62e282d;2016-03-17;2012-11-27;2013-02-12;CWE-20;5.0;AV:N/AC:L/Au:N/C:N/I:N/A:P;15672;53858;53858;19612;no
CVE-2017-11406;250216263c3a3f2c651e80d9c6b3dc0adc53dc2c;2017-06-14;8a9b35cb5e016f8e5936d0dd48d9edc6fb64d57a;2002-07-12;8a9b35cb5e016f8e5936d0dd48d9edc6fb64d57a;2002-07-12;c20f75c872ff560b2d7a612c80dc1ce1d2be4331;2003-12-13;2003-03-28;2003-01-01;CWE-835;7.8;AV:N/AC:L/Au:N/C:N/I:N/A:C;58725;58725;58725;57755;no
CVE-2017-9766;d6e888400ba64de3147d1111a4c23edf389b0000;2017-06-20;12aed7290cf065ef39668c3c94493e1690f385cb;2007-08-03;1a9152727bcd964b75343ee5e30c505605e7cb44;2005-05-03;970197c19f8e46c9c2d4c2897cc0bb52c1f27b3f;2014-03-05;2009-01-12;2008-06-14;CWE-674;5.0;AV:N/AC:L/Au:N/C:N/I:N/A:P;42684;50516;50516;39769;no
CVE-2017-9617;82fc557bed30b1aa69ca43a4291b64a9ce54c78a;2017-06-19;311cac0568e2279f27f44c6e504b526c6e2b6e5d;2010-11-17;89de832c932c88eb242405f2726be0720ebc4c1d;2004-08-22;bbdd89b973353a0df1d98d884c38f3832670bfea;2015-11-16;2011-09-23;2009-12-31;CWE-674;4.3;AV:N/AC:M/Au:N/C:N/I:N/A:P;34262;56129;56129;37381;no
CVE-2017-9616;620f69a74b18908e3424920c7bb01cb5e4cbd8b1;2018-02-28;3fe6a50c03903df37579f189bbc3fd001a9f34cf;2013-06-14;3fe6a50c03903df37579f189bbc3fd001a9f34cf;2013-06-14;c0e48778b7c54dcd02b3700ff467031648d33bce;2016-03-28;2014-05-29;2014-03-16;CWE-674;4.3;AV:N/AC:M/Au:N/C:N/I:N/A:P;23681;23681;23681;18482;no
CVE-2017-9354;5debcf56eda16064c10f4e22b3db326c8b53406b;2017-04-27;421913b721d5b12c1f6c8a09daec35d8bae58bb5;2014-11-08;421913b721d5b12c1f6c8a09daec35d8bae58bb5;2014-11-08;421913b721d5b12c1f6c8a09daec35d8bae58bb5;2014-11-08;2014-11-08;2014-11-08;CWE-20;5.0;AV:N/AC:L/Au:N/C:N/I:N/A:P;8912;8912;8912;8919;no
CVE-2017-9352;d8d7690a59059821e2a2a84ac8d925aa5e70b7ba;2017-05-02;9746da77eec62f23a92dbaa759d68105ec4251ea;2011-12-21;9746da77eec62f23a92dbaa759d68105ec4251ea;2011-12-21;9746da77eec62f23a92dbaa759d68105ec4251ea;2011-12-21;2011-12-21;2011-12-21;CWE-835;7.8;AV:N/AC:L/Au:N/C:N/I:N/A:C;26155;26155;26155;26159;no
CVE-2017-9350;f6431695049116176361ce4691dfd3c77ab19858;2017-04-27;c681f0434e511892e2d23a67e54c4cbb8656c168;2011-05-31;c681f0434e511892e2d23a67e54c4cbb8656c168;2011-05-31;c681f0434e511892e2d23a67e54c4cbb8656c168;2011-05-31;2011-05-31;2011-05-31;CWE-20;7.8;AV:N/AC:L/Au:N/C:N/I:N/A:C;31311;31311;31311;31324;no
CVE-2017-9346;7eab596c0824e6fa20aad6932bcd2fdb94b86edf;2017-04-23;faf27fecc623916af3b98f462846dda2696763ca;2004-02-11;faf27fecc623916af3b98f462846dda2696763ca;2004-02-11;7e002ed84f844661159e3584b8ce376e8fd792dc;2017-04-15;2010-01-11;2007-07-13;CWE-835;7.8;AV:N/AC:L/Au:N/C:N/I:N/A:C;57095;57095;57095;45351;no
CVE-2017-9345;f6408d6a8e842148f677a9f9413776ebaa150bb0;2017-05-11;8512fc4d739dd902f60e29a0a1b76e3c8b47ea8d;2000-04-12;8512fc4d739dd902f60e29a0a1b76e3c8b47ea8d;2000-04-12;557ed5e97175f0eba8e0d0a3b9a90de14cb533cc;2012-04-26;2004-12-19;2002-08-16;CWE-835;7.8;AV:N/AC:L/Au:N/C:N/I:N/A:C;62669;62669;62669;58553;no
CVE-2017-9343;7c39a77e8b6ed204d7c1ec9afd712ef30ac2db26;2017-05-19;421913b721d5b12c1f6c8a09daec35d8bae58bb5;2014-11-08;421913b721d5b12c1f6c8a09daec35d8bae58bb5;2014-11-08;421913b721d5b12c1f6c8a09daec35d8bae58bb5;2014-11-08;2014-11-08;2014-11-08;CWE-476;5.0;AV:N/AC:L/Au:N/C:N/I:N/A:P;5837;5837;5837;5844;no
CVE-2017-7748;f55cbcde2c8f74b652add4450b0592082eb6acff;2017-04-11;ae20651d9a517ee3d37fa8b840b1c2b7bf5ceeac;2015-03-24;6879e6da67ea9fe224b67ec0dab3c917b0639e81;2005-05-27;ae20651d9a517ee3d37fa8b840b1c2b7bf5ceeac;2015-03-24;2010-04-25;2011-12-14;CWE-835;7.8;AV:N/AC:L/Au:N/C:N/I:N/A:C;3800;47183;47183;23090;no
CVE-2017-7747;5cfd52d6629cf8a7ab67c6bacd3431a964f43584;2017-04-10;bd92a72428e0cb49d05301f53135f28c2ae7bc9c;2009-11-12;bd92a72428e0cb49d05301f53135f28c2ae7bc9c;2009-11-12;604fd1f1c52541ea03f771748fc5cba4c92c037c;2013-01-22;2010-12-28;2010-09-16;CWE-20;5.0;AV:N/AC:L/Au:N/C:N/I:N/A:P;34487;34487;34487;31669;no
CVE-2017-7746;58e69cc769dea24b721abd8a29f9eedc11024b7e;2017-04-12;faf27fecc623916af3b98f462846dda2696763ca;2004-02-11;faf27fecc623916af3b98f462846dda2696763ca;2004-02-11;faf27fecc623916af3b98f462846dda2696763ca;2004-02-11;2004-02-11;2004-02-11;CWE-835;5.0;AV:N/AC:L/Au:N/C:N/I:N/A:P;51395;51395;51395;51410;no
CVE-2017-7745;acd8e1a9b17ad274bea1e01e10e4481508a1cbf0;2017-04-12;d2d699aeb020415d355fb9f04339cae1badf7f16;2015-01-20;d2d699aeb020415d355fb9f04339cae1badf7f16;2015-01-20;d2d699aeb020415d355fb9f04339cae1badf7f16;2015-01-20;2015-01-20;2015-01-20;CWE-835;7.8;AV:N/AC:L/Au:N/C:N/I:N/A:C;4616;4616;4616;4634;no
CVE-2017-7705;08d392bbecc8fb666bf979e70a34536007b83ea2;2017-04-06;eee5f975d37f195b6a9173e5ebc14cbadf44567c;2016-12-03;eee5f975d37f195b6a9173e5ebc14cbadf44567c;2016-12-03;eee5f975d37f195b6a9173e5ebc14cbadf44567c;2016-12-03;2016-12-03;2016-12-03;CWE-835;7.8;AV:N/AC:L/Au:N/C:N/I:N/A:C;146;146;146;147;no
CVE-2017-7704;6032b0fe5fc1176ab77e03e20765f95fbd21b19e;2017-03-05;006d9821f610bb6c006ac0f0d84ab8668a307945;2016-04-14;006d9821f610bb6c006ac0f0d84ab8668a307945;2016-04-14;006d9821f610bb6c006ac0f0d84ab8668a307945;2016-04-14;2016-04-14;2016-04-14;CWE-835;7.8;AV:N/AC:L/Au:N/C:N/I:N/A:C;1821;1821;1821;1826;no
CVE-2017-7704;da53a90b6895e47e03c5de05edf84bd99d535fd8;2017-03-05;006d9821f610bb6c006ac0f0d84ab8668a307945;2016-04-14;006d9821f610bb6c006ac0f0d84ab8668a307945;2016-04-14;006d9821f610bb6c006ac0f0d84ab8668a307945;2016-04-14;2016-04-14;2016-04-14;CWE-835;7.8;AV:N/AC:L/Au:N/C:N/I:N/A:C;1820;1820;1820;1825;no
CVE-2017-7703;671e32820ab29d41d712cc8a472eab9b672684d9;2017-03-09;fb095f288f34179dd5c9b9fade6dbe63cc5befff;2012-07-10;1d3ed65598890403eda732caa15e2ceac25b7e21;2000-12-29;e960c882f8a6890e17e5d2bcf25d6a8fae102db7;2013-11-03;2009-02-12;2011-01-27;CWE-74;5.0;AV:N/AC:L/Au:N/C:N/I:N/A:P;19896;58522;58522;27156;no
CVE-2017-7702;2f322f66cbcca2fefdaa630494f9d6c97eb659b7;2017-03-12;c462f1b54ed4459c0c93dabbf5fe30f224e796a6;2015-08-10;d48ec06a6a47c739b63db70d2581f9c73ae3ced2;2003-02-06;2f322f66cbcca2fefdaa630494f9d6c97eb659b7;2017-03-12;2010-10-30;2014-07-10;CWE-835;7.8;AV:N/AC:L/Au:N/C:N/I:N/A:C;2157;54292;54292;7443;no
CVE-2017-7701;fa31f69b407436d0946f84baa0acdcc50962bf7a;2017-04-06;9036f093359a44e2ef845bec6be858228436957b;2014-12-11;9036f093359a44e2ef845bec6be858228436957b;2014-12-11;9036f093359a44e2ef845bec6be858228436957b;2014-12-11;2014-12-11;2014-12-11;CWE-835;7.8;AV:N/AC:L/Au:N/C:N/I:N/A:C;5376;5376;5376;5387;no
CVE-2017-7700;8fc0af859de4993951a915ad735be350221f3f53;2017-03-12;c9b492a422329474c2eceb9d1fa7180628b5bb90;2009-06-01;c9b492a422329474c2eceb9d1fa7180628b5bb90;2009-06-01;c9b492a422329474c2eceb9d1fa7180628b5bb90;2009-06-01;2009-06-01;2009-06-01;CWE-835;7.1;AV:N/AC:M/Au:N/C:N/I:N/A:C;36666;36666;36666;36679;no
CVE-2017-6474;a998c9195f183d85f5b0bbeebba21a2d4d303d47;2017-03-02;9f3bc84b7e7e435c50b8b68f0fc526d0f5676cbf;2017-03-02;c9b492a422329474c2eceb9d1fa7180628b5bb90;2009-06-01;9f3bc84b7e7e435c50b8b68f0fc526d0f5676cbf;2017-03-02;2014-07-16;2015-03-31;CWE-835;5.0;AV:N/AC:L/Au:N/C:N/I:N/A:P;1;33582;33582;3681;yes
CVE-2017-6473;7edc761a01cda8e1b37677f673985582330317d2;2017-03-02;08889b5e756c49d64a8190a0cabd7f1c1be0a566;2013-05-17;e0dc2b2a9a2bcb48a556d920357c81379f5fad9c;2005-06-10;6db77b000fe58173eeed23b91b32c92c681feda2;2014-05-24;2013-01-04;2013-01-24;CWE-20;5.0;AV:N/AC:L/Au:N/C:N/I:N/A:P;14817;46968;46968;16692;yes
CVE-2017-6472;2b3a0909beff8963b390034c594e0b6be6a4e531;2017-01-29;31e26fdc74217297f5fb082576452ee116b7dc68;2010-10-30;31e26fdc74217297f5fb082576452ee116b7dc68;2010-10-30;31e26fdc74217297f5fb082576452ee116b7dc68;2010-10-30;2010-10-30;2010-10-30;CWE-835;5.0;AV:N/AC:L/Au:N/C:N/I:N/A:P;31014;31014;31014;31030;yes
CVE-2017-6471;62afef41277dfac37f515207ca73d33306e3302b;2017-01-26;6d407e6490e9718feb8aa1eaba8ea35255896e30;2011-08-04;6d407e6490e9718feb8aa1eaba8ea35255896e30;2011-08-04;00adc6c0a2bc1fae5490ea6a9ca799a7f33b0bb6;2013-02-22;2012-05-14;2012-05-14;CWE-20;5.0;AV:N/AC:L/Au:N/C:N/I:N/A:P;24705;24705;24705;20732;yes
CVE-2017-6470;0b89174ef4c531a1917437fff586fe525ee7bf2d;2017-03-03;32f826a7cea1a6b72d1eea03866274fc39b59580;2005-08-03;e790073f3afed22dc5084a37424e35ab14412400;2004-06-25;0b89174ef4c531a1917437fff586fe525ee7bf2d;2017-03-03;2011-04-28;2008-04-11;CWE-835;7.8;AV:N/AC:L/Au:N/C:N/I:N/A:C;46385;50140;50140;37078;yes
CVE-2017-6469;4f753c127082d5e28abf482d6d175cbfee6661f7;2017-01-27;a7d48ed8b6948df2a0b9d295d97ce51fbc5fbfb8;2009-03-29;a7d48ed8b6948df2a0b9d295d97ce51fbc5fbfb8;2009-03-29;a7d48ed8b6948df2a0b9d295d97ce51fbc5fbfb8;2009-03-29;2009-03-29;2009-03-29;CWE-20;5.0;AV:N/AC:L/Au:N/C:N/I:N/A:P;34193;34193;34193;34194;yes
CVE-2017-6468;9f3bc84b7e7e435c50b8b68f0fc526d0f5676cbf;2017-03-02;17392a865ac79a9f631e63652dff45b6bb1c64d2;2010-02-26;c9b492a422329474c2eceb9d1fa7180628b5bb90;2009-06-01;284ad58d288722a8725401967bff0c4455488f0c;2017-03-02;2013-12-02;2013-02-05;CWE-20;5.0;AV:N/AC:L/Au:N/C:N/I:N/A:P;30362;33581;33581;16499;yes
CVE-2017-6467;284ad58d288722a8725401967bff0c4455488f0c;2017-03-02;4342323c08e210236469e5f4e17dc8175153c5aa;2014-03-16;4342323c08e210236469e5f4e17dc8175153c5aa;2014-03-16;4342323c08e210236469e5f4e17dc8175153c5aa;2014-03-16;2014-03-16;2014-03-16;CWE-835;5.0;AV:N/AC:L/Au:N/C:N/I:N/A:P;9190;9190;9190;9192;yes
CVE-2016-7957;355b56b1c6c545072ac0c1225730b526c6749f0a;2016-09-21;8ac3d9a0f15405584a8c37d238302a7e0c5d958b;2015-11-20;8ac3d9a0f15405584a8c37d238302a7e0c5d958b;2015-11-20;8ac3d9a0f15405584a8c37d238302a7e0c5d958b;2015-11-20;2015-11-20;2015-11-20;CWE-20;5.0;AV:N/AC:L/Au:N/C:N/I:N/A:P;3525;3525;3525;3536;no
CVE-2016-7180;5213496250aceff086404c568e3718ebc0060934;2016-08-24;977a811217d2ce9853aeeac4e4e97167d35a94fb;2014-06-06;977a811217d2ce9853aeeac4e4e97167d35a94fb;2014-06-06;977a811217d2ce9853aeeac4e4e97167d35a94fb;2014-06-06;2014-06-06;2014-06-06;CWE-416;4.3;AV:N/AC:M/Au:N/C:N/I:N/A:P;11050;11050;11050;11051;yes
CVE-2016-7179;3b97fbddc23c065727b0147aab52a27c4aadffe7;2016-08-17;409cdcc5ed95834e8c723addcad5f64ae798505a;2012-07-12;409cdcc5ed95834e8c723addcad5f64ae798505a;2012-07-12;409cdcc5ed95834e8c723addcad5f64ae798505a;2012-07-12;2012-07-12;2012-07-12;CWE-119;4.3;AV:N/AC:M/Au:N/C:N/I:N/A:P;22686;22686;22686;22688;yes
CVE-2016-7178;315bba7c645b75af24215c6303d187b188610bba;2016-08-17;9b7fb8a81120f99babc82e25416f9e25fe616c73;2013-11-23;2a7bef2cb089ebec549be0296006c8080a39ff0f;2012-05-29;9b7fb8a81120f99babc82e25416f9e25fe616c73;2013-11-23;2013-02-24;2013-07-29;CWE-787;4.3;AV:N/AC:M/Au:N/C:N/I:N/A:P;13901;23355;23355;16234;yes
CVE-2016-7177;2e37b271c473e1cbd01d62ebe1f3b011fc9fe638;2016-08-17;76192b1c6c0d1a4b48ae990c5a0cbecb810cff01;2006-09-04;76192b1c6c0d1a4b48ae990c5a0cbecb810cff01;2006-09-04;76192b1c6c0d1a4b48ae990c5a0cbecb810cff01;2006-09-04;2006-09-04;2006-09-04;CWE-119;4.3;AV:N/AC:M/Au:N/C:N/I:N/A:P;45494;45494;45494;45497;yes
CVE-2016-7176;6d8261994bb928b7e80e3a2478a3d939ea1ef373;2016-08-03;21007dc5466b6f9e3f4c00a23eed2fc23f6ac66f;2016-06-12;197ceddab109a59288f0b0d868df2f5e6adb4da2;2005-02-01;4962ea601f6ee08a4f774750dc37bac2fd92c2ca;2016-06-16;2012-08-30;2013-04-26;CWE-119;4.3;AV:N/AC:M/Au:N/C:N/I:N/A:P;776;51001;51001;17767;yes
CVE-2016-7175;1396f6ad555178f6b81cc1a65f9cb37b2d99aebf;2016-08-10;f2cb59a2d8c06353e1eb07b1655f5da00a6983a6;2015-02-04;f2cb59a2d8c06353e1eb07b1655f5da00a6983a6;2015-02-04;14b23203dbbe2efcb3048170072ece7b705816b8;2015-03-11;2015-02-13;2015-02-06;CWE-125;4.3;AV:N/AC:M/Au:N/C:N/I:N/A:P;7117;7117;7117;7084;no
CVE-2016-6513;347f071f1b9180563c28b0f3d0627b91eb456c72;2016-07-26;c462f1b54ed4459c0c93dabbf5fe30f224e796a6;2015-08-10;d48ec06a6a47c739b63db70d2581f9c73ae3ced2;2003-02-06;2193bea3212d74e2a907152055e27d409b59485e;2016-07-26;2011-10-04;2013-09-06;CWE-399;4.3;AV:N/AC:M/Au:N/C:N/I:N/A:P;4707;56842;56842;15250;no
CVE-2016-6512;2193bea3212d74e2a907152055e27d409b59485e;2016-07-26;c462f1b54ed4459c0c93dabbf5fe30f224e796a6;2015-08-10;35dfa54307a12b8bdfb5857a33b9a233b889249d;2001-02-13;35ec71ba870eda64eea496092b356bad3045f0f8;2016-05-08;2006-06-19;2007-08-08;CWE-20;4.3;AV:N/AC:M/Au:N/C:N/I:N/A:P;4706;60852;60852;41982;no
CVE-2016-6511;56706427f53cc64793870bf072c2c06248ae88f3;2016-07-26;c67c6e8f30b02450de2d9fb02b91026c5f954448;2016-01-09;c67c6e8f30b02450de2d9fb02b91026c5f954448;2016-01-09;c67c6e8f30b02450de2d9fb02b91026c5f954448;2016-01-09;2016-01-09;2016-01-09;CWE-399;4.3;AV:N/AC:M/Au:N/C:N/I:N/A:P;2607;2607;2607;2609;yes
CVE-2016-6510;47a5fa850b388fcf4ea762073806f01b459820fe;2016-07-25;46aa5c44de5b62cc061840b29903a63bc3790445;2009-10-09;46aa5c44de5b62cc061840b29903a63bc3790445;2009-10-09;46aa5c44de5b62cc061840b29903a63bc3790445;2009-10-09;2009-10-09;2009-10-09;CWE-189;4.3;AV:N/AC:M/Au:N/C:N/I:N/A:P;34384;34384;34384;34388;yes
CVE-2016-6509;5a469ddc893f7c1912d0e15cc73bd3011e6cc2fb;2016-07-25;a7d48ed8b6948df2a0b9d295d97ce51fbc5fbfb8;2009-03-29;a7d48ed8b6948df2a0b9d295d97ce51fbc5fbfb8;2009-03-29;5a469ddc893f7c1912d0e15cc73bd3011e6cc2fb;2016-07-25;2013-05-03;2010-11-17;CWE-20;4.3;AV:N/AC:M/Au:N/C:N/I:N/A:P;36785;36785;36785;30378;yes
CVE-2016-6508;6cf9616df68a4db7e436bb77392586ff9ad84feb;2016-07-25;46aa5c44de5b62cc061840b29903a63bc3790445;2009-10-09;46aa5c44de5b62cc061840b29903a63bc3790445;2009-10-09;a413376abcb41f46c19e31538255e71dc41684ed;2011-10-19;2010-12-31;2010-11-03;CWE-399;4.3;AV:N/AC:M/Au:N/C:N/I:N/A:P;34385;34385;34385;30525;yes
CVE-2016-6507;b5a10743258bd016c07ebf6479137fda3d172a0f;2016-07-16;aee4bfce226d77f116083292fc72585abcc6e73c;2004-04-13;b0ff80f9e7475ac996eace2dc10a7b05c73ac071;2004-01-17;16dac84760c71ba307053d02db07484d1ae98800;2009-04-17;2005-05-18;2004-08-16;CWE-399;4.3;AV:N/AC:M/Au:N/C:N/I:N/A:P;43769;44675;44675;42715;yes
CVE-2016-6506;a9d5256890c9189c7461bfce6ed6edce5d861499;2016-07-09;ae20651d9a517ee3d37fa8b840b1c2b7bf5ceeac;2015-03-24;d6b851b8d7f167551fdae69e2fc42321ce8e617d;2003-12-16;ae20651d9a517ee3d37fa8b840b1c2b7bf5ceeac;2015-03-24;2009-08-04;2012-05-29;CWE-399;4.3;AV:N/AC:M/Au:N/C:N/I:N/A:P;6076;54408;54408;22885;yes
CVE-2016-6505;94e97e45cf614c7bb8fe90c23df52910246b2c95;2016-07-02;bd92a72428e0cb49d05301f53135f28c2ae7bc9c;2009-11-12;bd92a72428e0cb49d05301f53135f28c2ae7bc9c;2009-11-12;94f36ca4ff177617fcc4e4ca8a171e374f8aeff6;2011-10-04;2010-10-23;2010-02-18;CWE-369;4.3;AV:N/AC:M/Au:N/C:N/I:N/A:P;33599;33599;33599;32713;yes
CVE-2015-8742;d48b0eff28c995947ac3f8d842ddd9b50dd5798d;2015-12-26;c425334394ea22b55a48b282a77553584ede4efc;2015-07-25;c425334394ea22b55a48b282a77553584ede4efc;2015-07-25;c7680878db13d89e3f3272b0f16a089cec6a31d3;2015-07-31;2015-07-28;2015-07-27;CWE-20;4.3;AV:N/AC:M/Au:N/C:N/I:N/A:P;2032;2032;2032;2016;no
CVE-2015-8741;2290eba5cb25f927f9142680193ac1158d35506e;2015-12-13;d9b36c46d025519a309bf34c1255e1f9a2856a41;2015-06-18;d9b36c46d025519a309bf34c1255e1f9a2856a41;2015-06-18;d9b36c46d025519a309bf34c1255e1f9a2856a41;2015-06-18;2015-06-18;2015-06-18;CWE-20;4.3;AV:N/AC:M/Au:N/C:N/I:N/A:P;2389;2389;2389;2405;no
CVE-2015-8740;e78093f69f1e95df919bbe644baa06c7e4e720c0;2015-12-03;b4386568ed49e103e3e3247cd5cadc9e2cbd7e75;2015-10-20;b4386568ed49e103e3e3247cd5cadc9e2cbd7e75;2015-10-20;b4386568ed49e103e3e3247cd5cadc9e2cbd7e75;2015-10-20;2015-10-20;2015-10-20;CWE-20;4.3;AV:N/AC:M/Au:N/C:N/I:N/A:P;719;719;719;723;no
CVE-2015-8739;96bf82ced0b58c7a4c2a6c300efeebe4f05c0ff4;2015-12-01;82ca2b89f0d064d50c27ce31c994327c11749950;2008-08-07;82ca2b89f0d064d50c27ce31c994327c11749950;2008-08-07;22096781499c7159ff504f7baa743d295aad06bc;2015-01-08;2011-10-23;2010-09-27;CWE-20;4.3;AV:N/AC:M/Au:N/C:N/I:N/A:P;35503;35503;35503;27862;no
CVE-2015-8738;858c3f0079f987833fb22eba2c361d1a88ba4103;2015-12-01;1c1f187989e982a8172bb03542721c0cda6d9006;2014-09-04;1c1f187989e982a8172bb03542721c0cda6d9006;2014-09-04;1c1f187989e982a8172bb03542721c0cda6d9006;2014-09-04;2014-09-04;2014-09-04;CWE-20;4.3;AV:N/AC:M/Au:N/C:N/I:N/A:P;6048;6048;6048;6055;no
CVE-2015-8737;e3fc691368af60bbbaec9e038ee6a6d3b7707955;2015-12-01;7253ee7611fb2e62f2a9326689e48f8d2177aed9;2015-04-04;7253ee7611fb2e62f2a9326689e48f8d2177aed9;2015-04-04;7253ee7611fb2e62f2a9326689e48f8d2177aed9;2015-04-04;2015-04-04;2015-04-04;CWE-20;4.3;AV:N/AC:M/Au:N/C:N/I:N/A:P;3091;3091;3091;3093;no
CVE-2015-8736;baa3eab78b422616a92ee38551c1b1510dca4ccb;2015-12-03;7253ee7611fb2e62f2a9326689e48f8d2177aed9;2015-04-04;7253ee7611fb2e62f2a9326689e48f8d2177aed9;2015-04-04;7253ee7611fb2e62f2a9326689e48f8d2177aed9;2015-04-04;2015-04-04;2015-04-04;CWE-20;4.3;AV:N/AC:M/Au:N/C:N/I:N/A:P;3132;3132;3132;3134;no
CVE-2015-8735;83bad0215dae54e77d34f8b187900125f672366e;2015-12-02;3f85d738c0003e98b5fff4ec1b08b246f82d4840;2015-09-14;3f85d738c0003e98b5fff4ec1b08b246f82d4840;2015-09-14;3f85d738c0003e98b5fff4ec1b08b246f82d4840;2015-09-14;2015-09-14;2015-09-14;CWE-20;4.3;AV:N/AC:M/Au:N/C:N/I:N/A:P;1124;1124;1124;1132;no
CVE-2015-8734;9b2c889abe0219fc162659e106c5b95deb6268f3;2015-11-19;6ac0d846ecc1110965e31b6efedbc3280d42b2b0;2015-09-30;6ac0d846ecc1110965e31b6efedbc3280d42b2b0;2015-09-30;6ac0d846ecc1110965e31b6efedbc3280d42b2b0;2015-09-30;2015-09-30;2015-09-30;CWE-20;4.3;AV:N/AC:M/Au:N/C:N/I:N/A:P;723;723;723;727;no
CVE-2015-8733;53a3e53fce30523d11ab3df319fba7b75d63076f;2015-12-20;2b5eab973e4cb3d33354cbb2f1ecdb190c15171f;2003-01-09;e071c655551c364c4ceafee9cf62698ec69b8758;1998-12-17;ce4d667efe586f78ddab0708412cffe10bd9af01;2014-01-02;2005-05-21;2005-09-28;CWE-20;4.3;AV:N/AC:M/Au:N/C:N/I:N/A:P;54172;60846;60846;45249;yes
CVE-2015-8732;eb0c034f6e4cdbf5ae36dd9ba8e2743630b7bd38;2015-12-12;10918860b6eef84a0721e54f62b46e7e4280b37d;2013-06-28;10918860b6eef84a0721e54f62b46e7e4280b37d;2013-06-28;10918860b6eef84a0721e54f62b46e7e4280b37d;2013-06-28;2013-06-28;2013-06-28;CWE-20;4.3;AV:N/AC:M/Au:N/C:N/I:N/A:P;13697;13697;13697;13698;yes
CVE-2015-8732;9352616ec9742f2ed3d2802d0c8c100d51ca410b;2015-12-12;04f8906be3d59cf3c33c0302adfef8bd184abb99;2013-06-29;04f8906be3d59cf3c33c0302adfef8bd184abb99;2013-06-29;04f8906be3d59cf3c33c0302adfef8bd184abb99;2013-06-29;2013-06-29;2013-06-29;CWE-20;4.3;AV:N/AC:M/Au:N/C:N/I:N/A:P;13671;13671;13671;13674;yes
CVE-2015-8731;2930d3105c3ff2bfb1278b34ad10e2e71c3b8fb0;2015-12-12;52859c5ee9cae23e27fc6f3b2f56a524b20d8a89;2012-02-05;52859c5ee9cae23e27fc6f3b2f56a524b20d8a89;2012-02-05;52859c5ee9cae23e27fc6f3b2f56a524b20d8a89;2012-02-05;2012-02-05;2012-02-05;CWE-20;4.3;AV:N/AC:M/Au:N/C:N/I:N/A:P;21990;21990;21990;21996;yes
CVE-2015-8730;d2644aef369af0667220b5bd69996915b29d753d;2015-12-02;5b4ada17723ed8af7e85cb48d537437ed614e417;2015-12-01;ec5ec34f1f828c1a5e2b4042b9b9d79854d0b762;2012-05-22;5b4ada17723ed8af7e85cb48d537437ed614e417;2015-12-01;2013-04-24;2015-05-02;CWE-20;4.3;AV:N/AC:M/Au:N/C:N/I:N/A:P;14;20094;20094;2807;yes
CVE-2015-8728;15edc8d714b11dcff3a04e5d00b8db9adfdb81ed;2015-11-29;cfc47c15c2b902a50764a21cbcd2ba1d78b1de7a;2015-11-29;8857c91a1d03b0b2c74eb634e1190d04f1fee361;2003-10-22;f777d68bd6b31102d82932875b577018d42e23e8;2015-11-29;2010-11-07;2013-06-04;CWE-20;4.3;AV:N/AC:M/Au:N/C:N/I:N/A:P;5;52020;52020;13913;yes
CVE-2015-8727;56baca60271379cb97f6a4a6bf72eb526e8b52d0;2015-11-28;3df2333155abf8fdfdedc51aca0fe962499f10b5;2015-11-03;f8c959dc8c4e46f733dbd4dcc954e6fa3304b248;2009-06-22;3df2333155abf8fdfdedc51aca0fe962499f10b5;2015-11-03;2013-01-02;2013-01-02;CWE-20;4.3;AV:N/AC:M/Au:N/C:N/I:N/A:P;458;32766;32766;16425;yes
CVE-2015-8726;b8fa3d463c1bdd9b84c897441e7a5c8ad1f0f292;2015-11-28;1abc2eb1911cad8590420d76baa3c51849aa4303;2013-08-10;1abc2eb1911cad8590420d76baa3c51849aa4303;2013-08-10;0d6cdb5f26973818ff891d20a0c72587f2427bf0;2014-03-15;2013-11-26;2013-09-22;CWE-20;4.3;AV:N/AC:M/Au:N/C:N/I:N/A:P;12596;12596;12596;11739;yes
CVE-2015-8726;185911de7d337246044c8e99da2f5b4bac74c0d5;2015-11-29;45252c84e3dd2dad2844f570e257619d83c4469c;2012-04-20;45252c84e3dd2dad2844f570e257619d83c4469c;2012-04-20;45252c84e3dd2dad2844f570e257619d83c4469c;2012-04-20;2012-04-20;2012-04-20;CWE-20;4.3;AV:N/AC:M/Au:N/C:N/I:N/A:P;20628;20628;20628;20638;yes
CVE-2015-8725;aaa28a9d39158ca1033bbd3372cf423abbf4f202;2015-11-28;e04377414359132b4a1a4acee2df071563f15688;2012-03-13;e04377414359132b4a1a4acee2df071563f15688;2012-03-13;4b2ec6b335f6fecdf5c4923de53b1770f4ccd02b;2014-03-14;2013-03-13;2012-10-07;CWE-20;4.3;AV:N/AC:M/Au:N/C:N/I:N/A:P;21156;21156;21156;17771;yes
CVE-2015-8724;83f2818118ae255db949bb3a4b3a26ebd1c5f7c5;2015-12-21;f022e1549479e7468cf29deeba6032af4f535c3e;2014-08-11;f022e1549479e7468cf29deeba6032af4f535c3e;2014-08-11;f022e1549479e7468cf29deeba6032af4f535c3e;2014-08-11;2014-08-11;2014-08-11;CWE-20;4.3;AV:N/AC:M/Au:N/C:N/I:N/A:P;6694;6694;6694;6703;yes
CVE-2015-8722;2259bf8a827088081bef101f98e4983de8aa8099;2015-11-25;c354675c41d8fb1acce48560038ca48a59784a11;2014-03-18;c354675c41d8fb1acce48560038ca48a59784a11;2014-03-18;d52322efb3ab782871312950876803334ec018b9;2015-10-05;2014-09-23;2014-08-06;CWE-20;4.3;AV:N/AC:M/Au:N/C:N/I:N/A:P;8499;8499;8499;6397;yes
CVE-2015-8722;1b32d505a59475d51d9b2bed5f0869d2d154e8b6;2015-11-26;c354675c41d8fb1acce48560038ca48a59784a11;2014-03-18;c354675c41d8fb1acce48560038ca48a59784a11;2014-03-18;d52322efb3ab782871312950876803334ec018b9;2015-10-05;2014-09-23;2014-08-06;CWE-20;4.3;AV:N/AC:M/Au:N/C:N/I:N/A:P;8509;8509;8509;6407;yes
CVE-2015-8721;cec0593ae6c3bca65eff65741c2a10f3de3e0afe;2015-11-25;c1ef044de5e4a28cbad0d010aeafe38da0be6750;2013-12-06;c1ef044de5e4a28cbad0d010aeafe38da0be6750;2013-12-06;c1ef044de5e4a28cbad0d010aeafe38da0be6750;2013-12-06;2013-12-06;2013-12-06;CWE-20;4.3;AV:N/AC:M/Au:N/C:N/I:N/A:P;10110;10110;10110;10123;yes
CVE-2015-8720;921bb07115fbffc081ec56a5022b4a9d58db6d39;2015-11-24;6ff98095fe6947c83d822f5bd6e091afd50fe4a0;2008-01-12;dce73d4e1fb1f4ae4976c8f4b5f8c40cb61a5bca;2004-02-20;cf804429123802edb55003ebfd21ebea5718d10b;2013-09-30;2010-08-23;2009-02-13;CWE-20;4.3;AV:N/AC:M/Au:N/C:N/I:N/A:P;37134;50531;50531;33932;yes
CVE-2015-8719;30651ab18b42e666f57ea239e58f3ff3a5e9c4ad;2015-02-24;a09f80e8bec4ddd03587590ae07f12f16c19f720;2012-08-30;a09f80e8bec4ddd03587590ae07f12f16c19f720;2012-08-30;bfeb1475c0a533189fe2864c75c513777e2d9c23;2013-09-03;2013-01-05;2012-10-21;CWE-20;4.3;AV:N/AC:M/Au:N/C:N/I:N/A:P;14918;14918;14918;14064;yes
CVE-2015-8718;81dfe6d450ada42d12f20ac26a6d8ae2302df37e;2015-10-30;5b8ad79cb6645bb6d6488c6dc220041a0c8cdeb7;2002-05-08;5b8ad79cb6645bb6d6488c6dc220041a0c8cdeb7;2002-05-08;3e3847517636caa23cfa71981d79962e9e7c58a2;2013-03-17;2005-11-12;2003-09-21;CWE-20;4.3;AV:N/AC:M/Au:N/C:N/I:N/A:P;54819;54819;54819;51744;yes
CVE-2015-8717;2ddd92b6f8f587325b9e14598658626f3a007c5c;2015-10-25;faf307e2fcb99d2f3544def1ae2c4f056c9d1717;2013-02-08;faf307e2fcb99d2f3544def1ae2c4f056c9d1717;2013-02-08;faf307e2fcb99d2f3544def1ae2c4f056c9d1717;2013-02-08;2013-02-08;2013-02-08;CWE-20;4.3;AV:N/AC:M/Au:N/C:N/I:N/A:P;15243;15243;15243;15263;yes
CVE-2015-8716;eb6ccb1b0c4ad02b828652c3fe6e8d51c30a315e;2015-10-24;cfa43d6daaeee1fe6fd2568edcf3464e435392f9;2007-05-04;815a4af69e5784b46f3e823f089a4115a1e4507e;2006-01-15;9b7fb8a81120f99babc82e25416f9e25fe616c73;2013-11-23;2010-04-17;2008-03-31;CWE-20;4.3;AV:N/AC:M/Au:N/C:N/I:N/A:P;38903;43307;43307;35925;yes
CVE-2015-8715;40caff2d1fb08262c84aaaa8ac584baa8866dd7c;2015-10-19;fad0aa0382955bcc03d3ec8318dd510149e51b67;2014-04-14;fad0aa0382955bcc03d3ec8318dd510149e51b67;2014-04-14;fad0aa0382955bcc03d3ec8318dd510149e51b67;2014-04-14;2014-04-14;2014-04-14;CWE-20;4.3;AV:N/AC:M/Au:N/C:N/I:N/A:P;7537;7537;7537;7567;yes
CVE-2015-8714;d34267d0503a67235bf259fd2f2f2d2bb8b18cf5;2015-10-18;bdb614e264d73aef418058cc22beac80b1c6026b;2012-05-16;bdb614e264d73aef418058cc22beac80b1c6026b;2012-05-16;bdb614e264d73aef418058cc22beac80b1c6026b;2012-05-16;2012-05-16;2012-05-16;CWE-20;4.3;AV:N/AC:M/Au:N/C:N/I:N/A:P;19457;19457;19457;19471;yes
CVE-2015-8713;67b6d4f7e6f2117b40957fd51518aa2a3e659002;2015-10-18;37fdb21ec2e935c55d38541a37d5325272c0818f;2012-07-16;37fdb21ec2e935c55d38541a37d5325272c0818f;2012-07-16;37fdb21ec2e935c55d38541a37d5325272c0818f;2012-07-16;2012-07-16;2012-07-16;CWE-20;4.3;AV:N/AC:M/Au:N/C:N/I:N/A:P;18520;18520;18520;18535;yes
CVE-2015-8712;2ae329a47b7f0ac94089c23e79c6b8bc18ba80ea;2015-10-17;37fdb21ec2e935c55d38541a37d5325272c0818f;2012-07-16;37fdb21ec2e935c55d38541a37d5325272c0818f;2012-07-16;37fdb21ec2e935c55d38541a37d5325272c0818f;2012-07-16;2012-07-16;2012-07-16;CWE-20;4.3;AV:N/AC:M/Au:N/C:N/I:N/A:P;18513;18513;18513;18528;yes
CVE-2015-8711;5bf565690ad9f0771196d8fa237aa37fae3bb7cc;2015-10-17;ada1eec702ff44dc89670a1aa25c1e34d370bebb;2015-01-16;582c102f16fb0aa1bfc38b00eeee3d22896923ba;2012-05-09;ada1eec702ff44dc89670a1aa25c1e34d370bebb;2015-01-16;2013-01-15;2014-09-12;CWE-20;4.3;AV:N/AC:M/Au:N/C:N/I:N/A:P;3370;19579;19579;5250;yes
CVE-2015-8711;5b4ada17723ed8af7e85cb48d537437ed614e417;2015-12-01;5bf565690ad9f0771196d8fa237aa37fae3bb7cc;2015-10-17;0e68cac19234a5fb9bf9ad8ae7fe8b4124e7fc1a;2012-08-10;5bf565690ad9f0771196d8fa237aa37fae3bb7cc;2015-10-17;2014-01-13;2015-08-17;CWE-20;4.3;AV:N/AC:M/Au:N/C:N/I:N/A:P;721;18651;18651;1482;yes
CVE-2015-8711;23379ae3624df82c170f48e5bb3250a97ec61c13;2015-12-13;d2644aef369af0667220b5bd69996915b29d753d;2015-12-02;0e68cac19234a5fb9bf9ad8ae7fe8b4124e7fc1a;2012-08-10;d2644aef369af0667220b5bd69996915b29d753d;2015-12-02;2014-10-24;2015-09-19;CWE-20;4.3;AV:N/AC:M/Au:N/C:N/I:N/A:P;136;18801;18801;1204;yes
CVE-2015-3906;b3b1f7c3aa2233a147294bad833b748d38fba84d;2014-07-11;a68e3a410c210e798aa9c96c03ef5cc075f19ca9;2014-03-19;a68e3a410c210e798aa9c96c03ef5cc075f19ca9;2014-03-19;4a3d0b868473260c24aa66f5e3fa737b54a9fd02;2014-06-22;2014-04-24;2014-03-24;CWE-119;5.0;AV:N/AC:L/Au:N/C:N/I:N/A:P;1742;1742;1742;1692;no
CVE-2015-3811;a6fc6aa0b4efc1a1c3d7a2e3b5189e888fb6ccc2;2015-03-24;c400685ad612683be83c4b6ba0263d706ed8d508;2001-03-23;c400685ad612683be83c4b6ba0263d706ed8d508;2001-03-23;b204ff4846fe84b7789893c6b1d9afbdecac5b5d;2015-01-13;2009-11-20;2008-04-13;CWE-17;5.0;AV:N/AC:L/Au:N/C:N/I:N/A:P;54408;54408;54408;33241;no
CVE-2015-2188;b204ff4846fe84b7789893c6b1d9afbdecac5b5d;2015-01-13;c400685ad612683be83c4b6ba0263d706ed8d508;2001-03-23;c400685ad612683be83c4b6ba0263d706ed8d508;2001-03-23;5ac6474c945133a8415fb3be917859e5d42b6256;2013-11-29;2008-05-18;2004-03-17;CWE-19;5.0;AV:N/AC:L/Au:N/C:N/I:N/A:P;53441;53441;53441;46272;no
CVE-2014-6422;04c05a21e34cec326f1aff2f5f8a6e74e1ced984;2014-04-03;a04f610989400f76beaa7709b0e7fa1bce2109a7;2014-03-21;cd59d751243d05ffc133c4ae5760ded0cd524057;2000-04-21;04c05a21e34cec326f1aff2f5f8a6e74e1ced984;2014-04-03;2010-02-21;2011-07-18;CWE-119;5.0;AV:N/AC:L/Au:N/C:N/I:N/A:P;154;50442;50442;16007;no
CVE-2014-6421;81c4eee84b6ee19fd27929856fa1465b1af148c6;2014-08-03;1559f77ff147b21260cf9411d5e22f7faa345d30;2014-03-22;ec539cbdb3003d1ae2d60f99e03b2ebc888fee49;2005-03-27;1559f77ff147b21260cf9411d5e22f7faa345d30;2014-03-22;2009-09-23;2009-09-23;NVD-CWE-Other;5.0;AV:N/AC:L/Au:N/C:N/I:N/A:P;120;34862;34862;19405;no
