CVE;Fixing sha;Fixing date;VCC sha;VCC date;VCC-heuristic sha;VCC-heuristic date;VCC-oldest sha;VCC-oldest date;VCC-newest sha;VCC-newest date;Average date;Weighted Average date;CWE;CVSS-Score;CVSS-Vector;Commits heuristic;Commmits newest;Commits oldest;Commits weighted;Stable
CVE-2014-8109;69eb3c6cfc7a8d54cdcbc2130be49481b439cbe2;2014-12-02;99d37b2e33d5bc5c87cea78f7fa69b1bda71a58d;2012-06-16;30ed35311d64f0bf5ff545d790f2be502fa249f1;2012-08-17;30ed35311d64f0bf5ff545d790f2be502fa249f1;2012-08-17;30ed35311d64f0bf5ff545d790f2be502fa249f1;2012-08-17;2012-08-17;2012-08-17;CWE-264;4.3;AV:N/AC:M/Au:N/C:N/I:P/A:N;2691;2691;2691;2696;no
CVE-2010-2791;389a94500d7dfff5900477d26ccf7d0814e0d4b9;2008-04-08;439221058cd102a3dbfb65f488f9cd56648e199c;2004-11-27;439221058cd102a3dbfb65f488f9cd56648e199c;2004-11-27;439221058cd102a3dbfb65f488f9cd56648e199c;2004-11-27;c5de4ae2914d96db02f8a381130628aa0fcf3e42;2006-01-06;2005-06-17;2005-03-08;CWE-200;5.0;AV:N/AC:L/Au:N/C:P/I:N/A:N;3280;3280;3280;2841;no
CVE-2010-2791;389a94500d7dfff5900477d26ccf7d0814e0d4b9;2008-04-08;cd6a6923c23aa27f6dfb93a8004ffa5595b4b32d;2007-06-21;439221058cd102a3dbfb65f488f9cd56648e199c;2004-11-27;439221058cd102a3dbfb65f488f9cd56648e199c;2004-11-27;c5de4ae2914d96db02f8a381130628aa0fcf3e42;2006-01-06;2005-06-17;2005-03-08;CWE-200;5.0;AV:N/AC:L/Au:N/C:P/I:N/A:N;3280;3280;3280;2841;no
CVE-2010-2791;389a94500d7dfff5900477d26ccf7d0814e0d4b9;2008-04-08;78aaa15794a15aa01972881eafe24cf4a76c2423;2001-04-10;439221058cd102a3dbfb65f488f9cd56648e199c;2004-11-27;439221058cd102a3dbfb65f488f9cd56648e199c;2004-11-27;c5de4ae2914d96db02f8a381130628aa0fcf3e42;2006-01-06;2005-06-17;2005-03-08;CWE-200;5.0;AV:N/AC:L/Au:N/C:P/I:N/A:N;3280;3280;3280;2841;no
CVE-2016-8743;5b2748e303435559ac7d90c5fdaef545647c9e54;2016-10-18;6f96ad52275b5b35226cdb2ce66b3832e9dfb605;1999-08-24;84ce5d25db7e83ad4103ea106a6f2256f618bc1c;2016-10-14;84ce5d25db7e83ad4103ea106a6f2256f618bc1c;2016-10-14;84ce5d25db7e83ad4103ea106a6f2256f618bc1c;2016-10-14;2016-10-14;2016-10-14;CWE-19;5.0;AV:N/AC:L/Au:N/C:N/I:P/A:N;15;15;15;16;yes
CVE-2016-8743;b06490c39c8ea0d4adef20704a8a3f3421a63759;2016-08-29;6f96ad52275b5b35226cdb2ce66b3832e9dfb605;1999-08-24;8d77efe21eb7a1796521a3212109036d775a61f6;2016-08-18;3283ba38a9e2349e795fe87bcbb0bd4d06932650;2016-08-03;f54c03b7eef9654cdb9a451937e0190489fdf3ef;2016-08-29;2016-08-17;2016-08-21;CWE-19;5.0;AV:N/AC:L/Au:N/C:N/I:P/A:N;79;149;149;34;yes
CVE-2016-8743;6cae6f2487a1cf2f41c712a126e1b4bb370cbd57;2016-08-25;6f96ad52275b5b35226cdb2ce66b3832e9dfb605;1999-08-24;8d77efe21eb7a1796521a3212109036d775a61f6;2016-08-18;f726113d3346126b972776296131d5b1026ce807;2012-12-30;9d6d6f9fd4ae6d86371f48aa19eaf20ea9bb5400;2016-08-21;2016-03-03;2016-06-23;CWE-19;5.0;AV:N/AC:L/Au:N/C:N/I:P/A:N;55;4729;4729;268;yes
CVE-2016-8743;8d77efe21eb7a1796521a3212109036d775a61f6;2016-08-18;6f96ad52275b5b35226cdb2ce66b3832e9dfb605;1999-08-24;fc367d65eec89d2956a266884e551977d80a2d23;2016-08-16;4647e5f71a4b2d1d62238b9bce854a501b5477fb;2001-04-21;b0784b0f7b2943d80bacf50f86dc6e9c93a69dc2;2016-08-17;2011-07-20;2011-12-10;CWE-19;5.0;AV:N/AC:L/Au:N/C:N/I:P/A:N;13;24485;24485;6425;yes
CVE-2002-0661;e85db78eaae29d8a9fef539b7e883139d6f5c1dc;2002-08-09;6f96ad52275b5b35226cdb2ce66b3832e9dfb605;1999-08-24;6f96ad52275b5b35226cdb2ce66b3832e9dfb605;1999-08-24;6f96ad52275b5b35226cdb2ce66b3832e9dfb605;1999-08-24;bbca0b9d4bd52f9089b5d82f0006684454a01dcd;2001-08-28;2000-08-23;2000-04-08;NVD-CWE-Other;7.5;AV:N/AC:L/Au:N/C:P/I:P/A:P;8748;8748;8748;8075;no
CVE-2002-0654;e85db78eaae29d8a9fef539b7e883139d6f5c1dc;2002-08-09;bbca0b9d4bd52f9089b5d82f0006684454a01dcd;2001-08-28;6f96ad52275b5b35226cdb2ce66b3832e9dfb605;1999-08-24;6f96ad52275b5b35226cdb2ce66b3832e9dfb605;1999-08-24;bbca0b9d4bd52f9089b5d82f0006684454a01dcd;2001-08-28;2000-08-23;2000-04-08;NVD-CWE-Other;5.0;AV:N/AC:L/Au:N/C:P/I:N/A:N;8748;8748;8748;8075;no
CVE-2006-3747;9d0be9d9520437aa516090d625713319a533a30b;2006-07-27;5cede9cd451dd268da07f5f088b69fce2e5101a7;2003-02-27;74bf9ef099a9923e09588cf2c8f2a8c6f82ee17c;2003-07-26;74bf9ef099a9923e09588cf2c8f2a8c6f82ee17c;2003-07-26;74bf9ef099a9923e09588cf2c8f2a8c6f82ee17c;2003-07-26;2003-07-26;2003-07-26;CWE-189;7.6;AV:N/AC:H/Au:N/C:C/I:C/A:C;3658;3658;3658;3659;yes
CVE-2006-3747;862dd4e3e7a3391afd6fe392e4ab568d73b9c873;2006-07-27;5cede9cd451dd268da07f5f088b69fce2e5101a7;2003-02-27;74bf9ef099a9923e09588cf2c8f2a8c6f82ee17c;2003-07-26;74bf9ef099a9923e09588cf2c8f2a8c6f82ee17c;2003-07-26;74bf9ef099a9923e09588cf2c8f2a8c6f82ee17c;2003-07-26;2003-07-26;2003-07-26;CWE-189;7.6;AV:N/AC:H/Au:N/C:C/I:C/A:C;3879;3879;3879;3880;yes
CVE-2003-0192;89b50b488d0be680dd2788be67831562508c4190;2003-07-09;72814e709a659cb9ee200b1f710f44351c9028d3;2002-03-12;72814e709a659cb9ee200b1f710f44351c9028d3;2002-03-12;72814e709a659cb9ee200b1f710f44351c9028d3;2002-03-12;72814e709a659cb9ee200b1f710f44351c9028d3;2002-03-12;2002-03-12;2002-03-12;NVD-CWE-Other;6.4;AV:N/AC:L/Au:N/C:N/I:P/A:P;3919;3919;3919;3926;no
CVE-2009-1195;86f2c1bda51cab0f91a7a5fd060ddb4303759c65;2009-05-28;ef31f584249e7389c762991a7aee9fde5d9effca;1999-08-24;6471e670e676c5c3538fc5fd9caa09207d0d1db9;2009-05-12;17cc70b4ab8a674f355528d272220ebaa4c75826;2002-03-05;6471e670e676c5c3538fc5fd9caa09207d0d1db9;2009-05-12;2005-10-07;2007-07-25;CWE-16;4.9;AV:L/AC:L/Au:N/C:N/I:N/A:C;34;10006;10006;1735;yes
CVE-2009-1195;86f2c1bda51cab0f91a7a5fd060ddb4303759c65;2009-05-28;645eedbf30a8f4418944324d6a7eb0aa3778dab4;2000-11-22;6471e670e676c5c3538fc5fd9caa09207d0d1db9;2009-05-12;17cc70b4ab8a674f355528d272220ebaa4c75826;2002-03-05;6471e670e676c5c3538fc5fd9caa09207d0d1db9;2009-05-12;2005-10-07;2007-07-25;CWE-16;4.9;AV:L/AC:L/Au:N/C:N/I:N/A:C;34;10006;10006;1735;yes
CVE-2009-1195;86f2c1bda51cab0f91a7a5fd060ddb4303759c65;2009-05-28;9d66007aa2676fad84ac1205cc5032e2561336b5;2004-07-14;6471e670e676c5c3538fc5fd9caa09207d0d1db9;2009-05-12;17cc70b4ab8a674f355528d272220ebaa4c75826;2002-03-05;6471e670e676c5c3538fc5fd9caa09207d0d1db9;2009-05-12;2005-10-07;2007-07-25;CWE-16;4.9;AV:L/AC:L/Au:N/C:N/I:N/A:C;34;10006;10006;1735;yes
CVE-2009-1195;86f2c1bda51cab0f91a7a5fd060ddb4303759c65;2009-05-28;9d66007aa2676fad84ac1205cc5032e2561336b5;2004-07-14;6471e670e676c5c3538fc5fd9caa09207d0d1db9;2009-05-12;17cc70b4ab8a674f355528d272220ebaa4c75826;2002-03-05;6471e670e676c5c3538fc5fd9caa09207d0d1db9;2009-05-12;2005-10-07;2007-07-25;CWE-16;4.9;AV:L/AC:L/Au:N/C:N/I:N/A:C;34;10006;10006;1735;yes
CVE-2009-1195;6471e670e676c5c3538fc5fd9caa09207d0d1db9;2009-05-12;ef31f584249e7389c762991a7aee9fde5d9effca;1999-08-24;9d66007aa2676fad84ac1205cc5032e2561336b5;2004-07-14;ef31f584249e7389c762991a7aee9fde5d9effca;1999-08-24;0a93716a36e5fdfe54e3257e2d3693df0cb9de04;2005-11-10;2002-11-02;2003-01-18;CWE-16;4.9;AV:L/AC:L/Au:N/C:N/I:N/A:C;4530;16728;16728;6729;yes
CVE-2009-1195;6471e670e676c5c3538fc5fd9caa09207d0d1db9;2009-05-12;645eedbf30a8f4418944324d6a7eb0aa3778dab4;2000-11-22;9d66007aa2676fad84ac1205cc5032e2561336b5;2004-07-14;ef31f584249e7389c762991a7aee9fde5d9effca;1999-08-24;0a93716a36e5fdfe54e3257e2d3693df0cb9de04;2005-11-10;2002-11-02;2003-01-18;CWE-16;4.9;AV:L/AC:L/Au:N/C:N/I:N/A:C;4530;16728;16728;6729;yes
CVE-2009-1195;6471e670e676c5c3538fc5fd9caa09207d0d1db9;2009-05-12;9d66007aa2676fad84ac1205cc5032e2561336b5;2004-07-14;9d66007aa2676fad84ac1205cc5032e2561336b5;2004-07-14;ef31f584249e7389c762991a7aee9fde5d9effca;1999-08-24;0a93716a36e5fdfe54e3257e2d3693df0cb9de04;2005-11-10;2002-11-02;2003-01-18;CWE-16;4.9;AV:L/AC:L/Au:N/C:N/I:N/A:C;4530;16728;16728;6729;yes
CVE-2009-1195;6471e670e676c5c3538fc5fd9caa09207d0d1db9;2009-05-12;9d66007aa2676fad84ac1205cc5032e2561336b5;2004-07-14;9d66007aa2676fad84ac1205cc5032e2561336b5;2004-07-14;ef31f584249e7389c762991a7aee9fde5d9effca;1999-08-24;0a93716a36e5fdfe54e3257e2d3693df0cb9de04;2005-11-10;2002-11-02;2003-01-18;CWE-16;4.9;AV:L/AC:L/Au:N/C:N/I:N/A:C;4530;16728;16728;6729;yes
CVE-2009-1195;489bc420ddbbb3ba7bd6f4b8b8e44fc4183deaf0;2009-05-08;ef31f584249e7389c762991a7aee9fde5d9effca;1999-08-24;9d66007aa2676fad84ac1205cc5032e2561336b5;2004-07-14;ef31f584249e7389c762991a7aee9fde5d9effca;1999-08-24;b72e6104100a0a5a7d29013682b1da2c3915cfcf;2005-11-10;2002-11-02;2003-01-18;CWE-16;4.9;AV:L/AC:L/Au:N/C:N/I:N/A:C;5424;17622;17622;7623;yes
CVE-2009-1195;489bc420ddbbb3ba7bd6f4b8b8e44fc4183deaf0;2009-05-08;645eedbf30a8f4418944324d6a7eb0aa3778dab4;2000-11-22;9d66007aa2676fad84ac1205cc5032e2561336b5;2004-07-14;ef31f584249e7389c762991a7aee9fde5d9effca;1999-08-24;b72e6104100a0a5a7d29013682b1da2c3915cfcf;2005-11-10;2002-11-02;2003-01-18;CWE-16;4.9;AV:L/AC:L/Au:N/C:N/I:N/A:C;5424;17622;17622;7623;yes
CVE-2009-1195;489bc420ddbbb3ba7bd6f4b8b8e44fc4183deaf0;2009-05-08;9d66007aa2676fad84ac1205cc5032e2561336b5;2004-07-14;9d66007aa2676fad84ac1205cc5032e2561336b5;2004-07-14;ef31f584249e7389c762991a7aee9fde5d9effca;1999-08-24;b72e6104100a0a5a7d29013682b1da2c3915cfcf;2005-11-10;2002-11-02;2003-01-18;CWE-16;4.9;AV:L/AC:L/Au:N/C:N/I:N/A:C;5424;17622;17622;7623;yes
CVE-2009-1195;489bc420ddbbb3ba7bd6f4b8b8e44fc4183deaf0;2009-05-08;9d66007aa2676fad84ac1205cc5032e2561336b5;2004-07-14;9d66007aa2676fad84ac1205cc5032e2561336b5;2004-07-14;ef31f584249e7389c762991a7aee9fde5d9effca;1999-08-24;b72e6104100a0a5a7d29013682b1da2c3915cfcf;2005-11-10;2002-11-02;2003-01-18;CWE-16;4.9;AV:L/AC:L/Au:N/C:N/I:N/A:C;5424;17622;17622;7623;yes
CVE-2004-0751;63b4ad0dcbd23eb38b128786d0fbe289c629b0ca;2004-08-17;e2742465a9c22393ee6c2540d43fe037b4d2c742;2002-11-01;e2742465a9c22393ee6c2540d43fe037b4d2c742;2002-11-01;e2742465a9c22393ee6c2540d43fe037b4d2c742;2002-11-01;e2742465a9c22393ee6c2540d43fe037b4d2c742;2002-11-01;2002-11-01;2002-11-01;NVD-CWE-Other;5.0;AV:N/AC:L/Au:N/C:N/I:N/A:P;2884;2884;2884;2889;no
CVE-2014-3583;f2d64096855789a51b02af4aaa8bbdfb1680bd28;2014-11-25;31e1a51f0f614de2d40711a0bd4324c6b39ffc66;2014-11-16;f61c5b3128dea0d6007572f4b329b2e6ea1a698a;2014-04-16;ca55328af75f32fcfe65ae2079ba20d920355455;2006-04-22;5dc8b53fa3c40b7699baa0cb7d51a1378a890c4c;2014-06-10;2011-07-28;2011-08-09;CWE-119;5.0;AV:N/AC:L/Au:N/C:N/I:N/A:P;558;10767;10767;4376;no
CVE-2015-3183;74231d7ca3e7961d0e4f7b8e6c156f2da5388730;2015-06-24;d0dccd8815002f9fd10adb932fe40f34c4d4fff4;2013-05-21;e5e529e5cb996ecddb44058a28d3cc13f5f243ee;2015-06-09;7e1ba65f6e1786ea207d2a0166b5a300b55f40c0;2015-06-09;e5e529e5cb996ecddb44058a28d3cc13f5f243ee;2015-06-09;2015-06-09;2015-06-09;CWE-20;5.0;AV:N/AC:L/Au:N/C:N/I:P/A:N;14;15;15;19;no
CVE-2015-3183;2182cbc99fd3423c3f95d8c5f909b7cd1f29a3c8;2015-06-09;d0dccd8815002f9fd10adb932fe40f34c4d4fff4;2013-05-21;f14218c7ad848377d62b7c24240832b67794eafd;2010-07-14;f14218c7ad848377d62b7c24240832b67794eafd;2010-07-14;f88e3ce367f922464421d05f41b246e25c7fb63a;2015-05-29;2012-02-27;2010-10-15;CWE-20;5.0;AV:N/AC:L/Au:N/C:N/I:P/A:N;6888;6888;6888;6549;no
CVE-2015-3183;c823d46831e5b4f12eb387919f286771b18d2187;2015-06-09;d0dccd8815002f9fd10adb932fe40f34c4d4fff4;2013-05-21;439221058cd102a3dbfb65f488f9cd56648e199c;2004-11-27;439221058cd102a3dbfb65f488f9cd56648e199c;2004-11-27;4992fc660a6241668a7d7993edab3f527f7fc7f2;2014-08-22;2009-01-14;2007-06-15;CWE-20;5.0;AV:N/AC:L/Au:N/C:N/I:P/A:N;13077;13077;13077;10793;no
CVE-2015-3183;a6027e56924bb6227c1fdbf6f91e7e2438338be6;2015-06-09;d0dccd8815002f9fd10adb932fe40f34c4d4fff4;2013-05-21;d0dccd8815002f9fd10adb932fe40f34c4d4fff4;2013-05-21;56f4552f4fdcecca8063ccd48232f123d39505de;2008-01-06;8cc5e00f9ead2e8f915a567aeb756c5cca357188;2014-07-15;2012-02-24;2013-04-12;CWE-20;5.0;AV:N/AC:L/Au:N/C:N/I:P/A:N;2335;10327;10327;2508;no
CVE-2010-1452;98115eef19b4a3c1120106f1bc530b458de85860;2010-07-21;d2700640cd3e79f7187b011658861067a7126bff;2009-05-21;42480320b2f7d0bfd02aefe620d1b2d73ee9faa8;2009-08-28;2090fa874841512f229019b52a04aede28c3536a;2001-08-19;42480320b2f7d0bfd02aefe620d1b2d73ee9faa8;2009-08-28;2005-08-23;2006-12-25;NVD-CWE-Other;5.0;AV:N/AC:L/Au:N/C:N/I:N/A:P;442;12811;12811;2586;yes
CVE-2010-1452;98115eef19b4a3c1120106f1bc530b458de85860;2010-07-21;540ceccf454d1419376cd788f4e8b2703e3315e8;2009-11-19;42480320b2f7d0bfd02aefe620d1b2d73ee9faa8;2009-08-28;2090fa874841512f229019b52a04aede28c3536a;2001-08-19;42480320b2f7d0bfd02aefe620d1b2d73ee9faa8;2009-08-28;2005-08-23;2006-12-25;NVD-CWE-Other;5.0;AV:N/AC:L/Au:N/C:N/I:N/A:P;442;12811;12811;2586;yes
CVE-2010-1452;98115eef19b4a3c1120106f1bc530b458de85860;2010-07-21;2b7c89aab4ade1c2c82cb2affccc45e65a342026;2008-04-04;42480320b2f7d0bfd02aefe620d1b2d73ee9faa8;2009-08-28;2090fa874841512f229019b52a04aede28c3536a;2001-08-19;42480320b2f7d0bfd02aefe620d1b2d73ee9faa8;2009-08-28;2005-08-23;2006-12-25;NVD-CWE-Other;5.0;AV:N/AC:L/Au:N/C:N/I:N/A:P;442;12811;12811;2586;yes
CVE-2010-1452;ad53d4dcbdacc1e9bd35f0348d20416d08e18566;2010-07-21;d2700640cd3e79f7187b011658861067a7126bff;2009-05-21;d2700640cd3e79f7187b011658861067a7126bff;2009-05-21;3bd88fb8538f3ba71607589c9da02684b478d564;2008-04-08;540ceccf454d1419376cd788f4e8b2703e3315e8;2009-11-19;2009-03-06;2009-01-14;NVD-CWE-Other;5.0;AV:N/AC:L/Au:N/C:N/I:N/A:P;1436;2923;2923;1907;yes
CVE-2010-1452;ad53d4dcbdacc1e9bd35f0348d20416d08e18566;2010-07-21;540ceccf454d1419376cd788f4e8b2703e3315e8;2009-11-19;d2700640cd3e79f7187b011658861067a7126bff;2009-05-21;3bd88fb8538f3ba71607589c9da02684b478d564;2008-04-08;540ceccf454d1419376cd788f4e8b2703e3315e8;2009-11-19;2009-03-06;2009-01-14;NVD-CWE-Other;5.0;AV:N/AC:L/Au:N/C:N/I:N/A:P;1436;2923;2923;1907;yes
CVE-2010-1452;ad53d4dcbdacc1e9bd35f0348d20416d08e18566;2010-07-21;2b7c89aab4ade1c2c82cb2affccc45e65a342026;2008-04-04;d2700640cd3e79f7187b011658861067a7126bff;2009-05-21;3bd88fb8538f3ba71607589c9da02684b478d564;2008-04-08;540ceccf454d1419376cd788f4e8b2703e3315e8;2009-11-19;2009-03-06;2009-01-14;NVD-CWE-Other;5.0;AV:N/AC:L/Au:N/C:N/I:N/A:P;1436;2923;2923;1907;yes
CVE-2012-0053;b465990b860c310ca85ce661623b5fb47fab11d2;2012-01-24;761ef9ee176aef1a236f7f747ee9360acdcadeaf;2006-02-28;f7befb07034a002d07731a521bffd920e4115242;2002-12-11;5a02911204801d420fd00f4b2aa556fe161096f4;2002-07-06;46ff3a2fdc40657f67c040d04d7607879c8f25b9;2004-06-28;2003-04-25;2003-04-25;CWE-264;4.3;AV:N/AC:M/Au:N/C:P/I:N/A:N;8333;9704;9704;7659;yes
CVE-2012-0053;b465990b860c310ca85ce661623b5fb47fab11d2;2012-01-24;46ff3a2fdc40657f67c040d04d7607879c8f25b9;2004-06-28;f7befb07034a002d07731a521bffd920e4115242;2002-12-11;5a02911204801d420fd00f4b2aa556fe161096f4;2002-07-06;46ff3a2fdc40657f67c040d04d7607879c8f25b9;2004-06-28;2003-04-25;2003-04-25;CWE-264;4.3;AV:N/AC:M/Au:N/C:P/I:N/A:N;8333;9704;9704;7659;yes
CVE-2012-0053;b465990b860c310ca85ce661623b5fb47fab11d2;2012-01-24;429614604301d118d5fd7231f452a7cef7c9f7b3;2001-02-26;f7befb07034a002d07731a521bffd920e4115242;2002-12-11;5a02911204801d420fd00f4b2aa556fe161096f4;2002-07-06;46ff3a2fdc40657f67c040d04d7607879c8f25b9;2004-06-28;2003-04-25;2003-04-25;CWE-264;4.3;AV:N/AC:M/Au:N/C:P/I:N/A:N;8333;9704;9704;7659;yes
CVE-2012-0053;76aa41352dca4c8b6a6ae4c5f2efa451f6a99779;2012-01-23;761ef9ee176aef1a236f7f747ee9360acdcadeaf;2006-02-28;761ef9ee176aef1a236f7f747ee9360acdcadeaf;2006-02-28;f7befb07034a002d07731a521bffd920e4115242;2002-12-11;761ef9ee176aef1a236f7f747ee9360acdcadeaf;2006-02-28;2004-07-20;2005-02-01;CWE-264;4.3;AV:N/AC:M/Au:N/C:P/I:N/A:N;7340;11987;11987;8547;yes
CVE-2012-0053;76aa41352dca4c8b6a6ae4c5f2efa451f6a99779;2012-01-23;46ff3a2fdc40657f67c040d04d7607879c8f25b9;2004-06-28;761ef9ee176aef1a236f7f747ee9360acdcadeaf;2006-02-28;f7befb07034a002d07731a521bffd920e4115242;2002-12-11;761ef9ee176aef1a236f7f747ee9360acdcadeaf;2006-02-28;2004-07-20;2005-02-01;CWE-264;4.3;AV:N/AC:M/Au:N/C:P/I:N/A:N;7340;11987;11987;8547;yes
CVE-2012-0053;76aa41352dca4c8b6a6ae4c5f2efa451f6a99779;2012-01-23;429614604301d118d5fd7231f452a7cef7c9f7b3;2001-02-26;761ef9ee176aef1a236f7f747ee9360acdcadeaf;2006-02-28;f7befb07034a002d07731a521bffd920e4115242;2002-12-11;761ef9ee176aef1a236f7f747ee9360acdcadeaf;2006-02-28;2004-07-20;2005-02-01;CWE-264;4.3;AV:N/AC:M/Au:N/C:P/I:N/A:N;7340;11987;11987;8547;yes
CVE-2016-2161;d049e3ce42b89ba66c17b0cd8c4c5992ec2b12fe;2016-12-07;1bc6da5bb44a67db371a19244c65a3d511b477d6;2009-08-26;1bc6da5bb44a67db371a19244c65a3d511b477d6;2009-08-26;e3e87d34a0280b4e88c87b86b715d2c710ffb7ec;1999-08-24;1bc6da5bb44a67db371a19244c65a3d511b477d6;2009-08-26;2003-10-05;2007-09-08;CWE-20;5.0;AV:N/AC:L/Au:N/C:N/I:N/A:P;9701;27580;27580;12044;yes
CVE-2003-0020;a7db87b9add29f7543457f53863cee4ee13d58c9;2003-11-24;6f96ad52275b5b35226cdb2ce66b3832e9dfb605;1999-08-24;1694aa9b0607104cea7fea4ffa0237ddcd6bc097;2003-11-02;847b20108cb710fe136cf435f68de79c67443202;2000-07-25;1694aa9b0607104cea7fea4ffa0237ddcd6bc097;2003-11-02;2001-07-25;2001-07-25;NVD-CWE-Other;5.0;AV:N/AC:L/Au:N/C:N/I:P/A:N;61;9866;9866;7082;no
CVE-2003-0020;a7db87b9add29f7543457f53863cee4ee13d58c9;2003-11-24;de46b1035ba54be2877227157ec32484c3a0045e;1999-11-05;1694aa9b0607104cea7fea4ffa0237ddcd6bc097;2003-11-02;847b20108cb710fe136cf435f68de79c67443202;2000-07-25;1694aa9b0607104cea7fea4ffa0237ddcd6bc097;2003-11-02;2001-07-25;2001-07-25;NVD-CWE-Other;5.0;AV:N/AC:L/Au:N/C:N/I:P/A:N;61;9866;9866;7082;no
CVE-2017-7659;832cbdb76ae5ff8709a910c25684c0d8cf3ddaef;2017-02-01;824121f7f990277e6df2503fed723b53a08e3f95;2016-04-29;08df7106048a897a177ccbd3526dafd5403fefdf;2016-09-07;824121f7f990277e6df2503fed723b53a08e3f95;2016-04-29;08df7106048a897a177ccbd3526dafd5403fefdf;2016-09-07;2016-07-03;2016-08-11;CWE-476;5.0;AV:N/AC:L/Au:N/C:N/I:N/A:P;466;977;977;592;yes
CVE-2007-6388;3edb06001b10e246f812ba612aa3db3cee5e4320;2007-12-28;deab760727ef11a968cab76a46717a4c3a89f511;2001-02-01;02d9c8800b18c181411ec05a33d4f5e150528c2d;2002-02-27;02d9c8800b18c181411ec05a33d4f5e150528c2d;2002-02-27;5061d9fa920cb1821a51495fc42833c54e5bd714;2005-11-10;2003-05-25;2002-06-20;CWE-79;4.3;AV:N/AC:M/Au:N/C:N/I:P/A:N;9224;9224;9224;7562;no
CVE-2007-6421;6062378f7cf72f43830f4cf79e397fee45e9ab91;2007-12-28;94743e8f7b3a7f3ebb183be6e585659b4503fc06;2007-06-06;568bee156b4329169b706250bb9588c8797c4c2f;2004-09-26;568bee156b4329169b706250bb9588c8797c4c2f;2004-09-26;94743e8f7b3a7f3ebb183be6e585659b4503fc06;2007-06-06;2006-01-30;2006-01-30;CWE-79;3.5;AV:N/AC:M/Au:S/C:N/I:P/A:N;3217;3217;3217;1474;no
CVE-2007-6421;6062378f7cf72f43830f4cf79e397fee45e9ab91;2007-12-28;2d7f11c8035b26a244adc99df9d7a301f18c7107;2004-08-26;568bee156b4329169b706250bb9588c8797c4c2f;2004-09-26;568bee156b4329169b706250bb9588c8797c4c2f;2004-09-26;94743e8f7b3a7f3ebb183be6e585659b4503fc06;2007-06-06;2006-01-30;2006-01-30;CWE-79;3.5;AV:N/AC:M/Au:S/C:N/I:P/A:N;3217;3217;3217;1474;no
CVE-2005-2970;ee3ff1a4a087f2019d647aa348f0207d1dbe0a7c;2005-10-08;481bad782cf07405dbafca474da21be6efcd6d73;2002-02-13;481bad782cf07405dbafca474da21be6efcd6d73;2002-02-13;3564acc5c4ce6839921b903fbcf09e82d80e7c2d;2001-12-14;a7559098045a7ceacf8c2c56645b2fb43764fb48;2005-09-30;2003-01-20;2003-08-22;NVD-CWE-Other;5.0;AV:N/AC:L/Au:N/C:N/I:N/A:P;7595;8259;8259;3066;no
CVE-2010-0408;fb8cd5f350df7b10fd94754c7d796fd547830c03;2010-03-02;4d2639fa9536680177e6dca0ef089b3d2248e862;2006-08-24;6442f7203e6bd98649a89a80500a2dd9484a380f;2004-08-18;6442f7203e6bd98649a89a80500a2dd9484a380f;2004-08-18;6442f7203e6bd98649a89a80500a2dd9484a380f;2004-08-18;2004-08-18;2004-08-18;NVD-CWE-Other;5.0;AV:N/AC:L/Au:N/C:N/I:N/A:P;4835;4835;4835;4850;yes
CVE-2010-0408;29525f5d2c0514611cb8c5b616fd88d6fc0ce6a0;2010-03-02;4d2639fa9536680177e6dca0ef089b3d2248e862;2006-08-24;6442f7203e6bd98649a89a80500a2dd9484a380f;2004-08-18;6442f7203e6bd98649a89a80500a2dd9484a380f;2004-08-18;6442f7203e6bd98649a89a80500a2dd9484a380f;2004-08-18;2004-08-18;2004-08-18;NVD-CWE-Other;5.0;AV:N/AC:L/Au:N/C:N/I:N/A:P;6186;6186;6186;6201;yes
CVE-2012-4558;8e84437725dff26d86d2efb58ef8af1bf918604b;2013-02-18;d201a7a5925d2feeae10ed45758e2a6ead065bcf;2004-09-05;e3e87d34a0280b4e88c87b86b715d2c710ffb7ec;1999-08-24;e3e87d34a0280b4e88c87b86b715d2c710ffb7ec;1999-08-24;4144b652c80a29a76e8428a3a69811dcc0e4241c;2008-02-26;2004-08-11;2001-10-09;CWE-79;4.3;AV:N/AC:M/Au:N/C:N/I:P/A:N;18579;18579;18579;13419;no
CVE-2012-4558;8e84437725dff26d86d2efb58ef8af1bf918604b;2013-02-18;adb7fdd063be0005ec03ba93f5f730bcf5b006a0;2011-01-10;e3e87d34a0280b4e88c87b86b715d2c710ffb7ec;1999-08-24;e3e87d34a0280b4e88c87b86b715d2c710ffb7ec;1999-08-24;4144b652c80a29a76e8428a3a69811dcc0e4241c;2008-02-26;2004-08-11;2001-10-09;CWE-79;4.3;AV:N/AC:M/Au:N/C:N/I:P/A:N;18579;18579;18579;13419;no
CVE-2012-4558;8e84437725dff26d86d2efb58ef8af1bf918604b;2013-02-18;04d48349bbbbeb10e523058d855e9cb8607a9a34;2011-06-13;e3e87d34a0280b4e88c87b86b715d2c710ffb7ec;1999-08-24;e3e87d34a0280b4e88c87b86b715d2c710ffb7ec;1999-08-24;4144b652c80a29a76e8428a3a69811dcc0e4241c;2008-02-26;2004-08-11;2001-10-09;CWE-79;4.3;AV:N/AC:M/Au:N/C:N/I:P/A:N;18579;18579;18579;13419;no
CVE-2012-4558;8e84437725dff26d86d2efb58ef8af1bf918604b;2013-02-18;2d7f11c8035b26a244adc99df9d7a301f18c7107;2004-08-26;e3e87d34a0280b4e88c87b86b715d2c710ffb7ec;1999-08-24;e3e87d34a0280b4e88c87b86b715d2c710ffb7ec;1999-08-24;4144b652c80a29a76e8428a3a69811dcc0e4241c;2008-02-26;2004-08-11;2001-10-09;CWE-79;4.3;AV:N/AC:M/Au:N/C:N/I:P/A:N;18579;18579;18579;13419;no
CVE-2012-4558;8e84437725dff26d86d2efb58ef8af1bf918604b;2013-02-18;d8c4d74dd9d6d9f33343fb291401ea665752dfcf;2008-01-12;e3e87d34a0280b4e88c87b86b715d2c710ffb7ec;1999-08-24;e3e87d34a0280b4e88c87b86b715d2c710ffb7ec;1999-08-24;4144b652c80a29a76e8428a3a69811dcc0e4241c;2008-02-26;2004-08-11;2001-10-09;CWE-79;4.3;AV:N/AC:M/Au:N/C:N/I:P/A:N;18579;18579;18579;13419;no
CVE-2012-3499;8e84437725dff26d86d2efb58ef8af1bf918604b;2013-02-18;d201a7a5925d2feeae10ed45758e2a6ead065bcf;2004-09-05;e3e87d34a0280b4e88c87b86b715d2c710ffb7ec;1999-08-24;e3e87d34a0280b4e88c87b86b715d2c710ffb7ec;1999-08-24;4144b652c80a29a76e8428a3a69811dcc0e4241c;2008-02-26;2004-08-11;2001-10-09;CWE-79;4.3;AV:N/AC:M/Au:N/C:N/I:P/A:N;18579;18579;18579;13419;no
CVE-2012-3499;8e84437725dff26d86d2efb58ef8af1bf918604b;2013-02-18;adb7fdd063be0005ec03ba93f5f730bcf5b006a0;2011-01-10;e3e87d34a0280b4e88c87b86b715d2c710ffb7ec;1999-08-24;e3e87d34a0280b4e88c87b86b715d2c710ffb7ec;1999-08-24;4144b652c80a29a76e8428a3a69811dcc0e4241c;2008-02-26;2004-08-11;2001-10-09;CWE-79;4.3;AV:N/AC:M/Au:N/C:N/I:P/A:N;18579;18579;18579;13419;no
CVE-2012-3499;8e84437725dff26d86d2efb58ef8af1bf918604b;2013-02-18;04d48349bbbbeb10e523058d855e9cb8607a9a34;2011-06-13;e3e87d34a0280b4e88c87b86b715d2c710ffb7ec;1999-08-24;e3e87d34a0280b4e88c87b86b715d2c710ffb7ec;1999-08-24;4144b652c80a29a76e8428a3a69811dcc0e4241c;2008-02-26;2004-08-11;2001-10-09;CWE-79;4.3;AV:N/AC:M/Au:N/C:N/I:P/A:N;18579;18579;18579;13419;no
CVE-2012-3499;8e84437725dff26d86d2efb58ef8af1bf918604b;2013-02-18;2d7f11c8035b26a244adc99df9d7a301f18c7107;2004-08-26;e3e87d34a0280b4e88c87b86b715d2c710ffb7ec;1999-08-24;e3e87d34a0280b4e88c87b86b715d2c710ffb7ec;1999-08-24;4144b652c80a29a76e8428a3a69811dcc0e4241c;2008-02-26;2004-08-11;2001-10-09;CWE-79;4.3;AV:N/AC:M/Au:N/C:N/I:P/A:N;18579;18579;18579;13419;no
CVE-2012-4558;c91d11e0ca9f0c13cfacaefee04b7d36b3802172;2012-12-09;d201a7a5925d2feeae10ed45758e2a6ead065bcf;2004-09-05;57a654ffe71ee60f75c1ae9fc0455f98168cc39f;2011-02-02;e3e87d34a0280b4e88c87b86b715d2c710ffb7ec;1999-08-24;63c7cfdf0d8a7cd88d36639d586c337e90f78feb;2011-02-22;2006-10-05;2006-05-30;CWE-79;4.3;AV:N/AC:M/Au:N/C:N/I:P/A:N;2747;22982;22982;8376;no
CVE-2012-4558;c91d11e0ca9f0c13cfacaefee04b7d36b3802172;2012-12-09;adb7fdd063be0005ec03ba93f5f730bcf5b006a0;2011-01-10;57a654ffe71ee60f75c1ae9fc0455f98168cc39f;2011-02-02;e3e87d34a0280b4e88c87b86b715d2c710ffb7ec;1999-08-24;63c7cfdf0d8a7cd88d36639d586c337e90f78feb;2011-02-22;2006-10-05;2006-05-30;CWE-79;4.3;AV:N/AC:M/Au:N/C:N/I:P/A:N;2747;22982;22982;8376;no
CVE-2012-4558;c91d11e0ca9f0c13cfacaefee04b7d36b3802172;2012-12-09;04d48349bbbbeb10e523058d855e9cb8607a9a34;2011-06-13;57a654ffe71ee60f75c1ae9fc0455f98168cc39f;2011-02-02;e3e87d34a0280b4e88c87b86b715d2c710ffb7ec;1999-08-24;63c7cfdf0d8a7cd88d36639d586c337e90f78feb;2011-02-22;2006-10-05;2006-05-30;CWE-79;4.3;AV:N/AC:M/Au:N/C:N/I:P/A:N;2747;22982;22982;8376;no
CVE-2012-4558;c91d11e0ca9f0c13cfacaefee04b7d36b3802172;2012-12-09;2d7f11c8035b26a244adc99df9d7a301f18c7107;2004-08-26;57a654ffe71ee60f75c1ae9fc0455f98168cc39f;2011-02-02;e3e87d34a0280b4e88c87b86b715d2c710ffb7ec;1999-08-24;63c7cfdf0d8a7cd88d36639d586c337e90f78feb;2011-02-22;2006-10-05;2006-05-30;CWE-79;4.3;AV:N/AC:M/Au:N/C:N/I:P/A:N;2747;22982;22982;8376;no
CVE-2012-4558;c91d11e0ca9f0c13cfacaefee04b7d36b3802172;2012-12-09;d8c4d74dd9d6d9f33343fb291401ea665752dfcf;2008-01-12;57a654ffe71ee60f75c1ae9fc0455f98168cc39f;2011-02-02;e3e87d34a0280b4e88c87b86b715d2c710ffb7ec;1999-08-24;63c7cfdf0d8a7cd88d36639d586c337e90f78feb;2011-02-22;2006-10-05;2006-05-30;CWE-79;4.3;AV:N/AC:M/Au:N/C:N/I:P/A:N;2747;22982;22982;8376;no
CVE-2012-3499;c91d11e0ca9f0c13cfacaefee04b7d36b3802172;2012-12-09;d201a7a5925d2feeae10ed45758e2a6ead065bcf;2004-09-05;57a654ffe71ee60f75c1ae9fc0455f98168cc39f;2011-02-02;e3e87d34a0280b4e88c87b86b715d2c710ffb7ec;1999-08-24;63c7cfdf0d8a7cd88d36639d586c337e90f78feb;2011-02-22;2006-10-05;2006-05-30;CWE-79;4.3;AV:N/AC:M/Au:N/C:N/I:P/A:N;2747;22982;22982;8376;no
CVE-2012-3499;c91d11e0ca9f0c13cfacaefee04b7d36b3802172;2012-12-09;adb7fdd063be0005ec03ba93f5f730bcf5b006a0;2011-01-10;57a654ffe71ee60f75c1ae9fc0455f98168cc39f;2011-02-02;e3e87d34a0280b4e88c87b86b715d2c710ffb7ec;1999-08-24;63c7cfdf0d8a7cd88d36639d586c337e90f78feb;2011-02-22;2006-10-05;2006-05-30;CWE-79;4.3;AV:N/AC:M/Au:N/C:N/I:P/A:N;2747;22982;22982;8376;no
CVE-2012-3499;c91d11e0ca9f0c13cfacaefee04b7d36b3802172;2012-12-09;04d48349bbbbeb10e523058d855e9cb8607a9a34;2011-06-13;57a654ffe71ee60f75c1ae9fc0455f98168cc39f;2011-02-02;e3e87d34a0280b4e88c87b86b715d2c710ffb7ec;1999-08-24;63c7cfdf0d8a7cd88d36639d586c337e90f78feb;2011-02-22;2006-10-05;2006-05-30;CWE-79;4.3;AV:N/AC:M/Au:N/C:N/I:P/A:N;2747;22982;22982;8376;no
CVE-2012-3499;c91d11e0ca9f0c13cfacaefee04b7d36b3802172;2012-12-09;2d7f11c8035b26a244adc99df9d7a301f18c7107;2004-08-26;57a654ffe71ee60f75c1ae9fc0455f98168cc39f;2011-02-02;e3e87d34a0280b4e88c87b86b715d2c710ffb7ec;1999-08-24;63c7cfdf0d8a7cd88d36639d586c337e90f78feb;2011-02-22;2006-10-05;2006-05-30;CWE-79;4.3;AV:N/AC:M/Au:N/C:N/I:P/A:N;2747;22982;22982;8376;no
CVE-2012-4558;18cc8e835b71e832d78c93bf97a6232a088747fb;2012-11-26;d201a7a5925d2feeae10ed45758e2a6ead065bcf;2004-09-05;57a654ffe71ee60f75c1ae9fc0455f98168cc39f;2011-02-02;e3e87d34a0280b4e88c87b86b715d2c710ffb7ec;1999-08-24;63c7cfdf0d8a7cd88d36639d586c337e90f78feb;2011-02-22;2007-01-10;2006-06-29;CWE-79;4.3;AV:N/AC:M/Au:N/C:N/I:P/A:N;3024;23259;23259;8580;no
CVE-2012-4558;18cc8e835b71e832d78c93bf97a6232a088747fb;2012-11-26;adb7fdd063be0005ec03ba93f5f730bcf5b006a0;2011-01-10;57a654ffe71ee60f75c1ae9fc0455f98168cc39f;2011-02-02;e3e87d34a0280b4e88c87b86b715d2c710ffb7ec;1999-08-24;63c7cfdf0d8a7cd88d36639d586c337e90f78feb;2011-02-22;2007-01-10;2006-06-29;CWE-79;4.3;AV:N/AC:M/Au:N/C:N/I:P/A:N;3024;23259;23259;8580;no
CVE-2012-4558;18cc8e835b71e832d78c93bf97a6232a088747fb;2012-11-26;04d48349bbbbeb10e523058d855e9cb8607a9a34;2011-06-13;57a654ffe71ee60f75c1ae9fc0455f98168cc39f;2011-02-02;e3e87d34a0280b4e88c87b86b715d2c710ffb7ec;1999-08-24;63c7cfdf0d8a7cd88d36639d586c337e90f78feb;2011-02-22;2007-01-10;2006-06-29;CWE-79;4.3;AV:N/AC:M/Au:N/C:N/I:P/A:N;3024;23259;23259;8580;no
CVE-2012-4558;18cc8e835b71e832d78c93bf97a6232a088747fb;2012-11-26;2d7f11c8035b26a244adc99df9d7a301f18c7107;2004-08-26;57a654ffe71ee60f75c1ae9fc0455f98168cc39f;2011-02-02;e3e87d34a0280b4e88c87b86b715d2c710ffb7ec;1999-08-24;63c7cfdf0d8a7cd88d36639d586c337e90f78feb;2011-02-22;2007-01-10;2006-06-29;CWE-79;4.3;AV:N/AC:M/Au:N/C:N/I:P/A:N;3024;23259;23259;8580;no
CVE-2012-4558;18cc8e835b71e832d78c93bf97a6232a088747fb;2012-11-26;d8c4d74dd9d6d9f33343fb291401ea665752dfcf;2008-01-12;57a654ffe71ee60f75c1ae9fc0455f98168cc39f;2011-02-02;e3e87d34a0280b4e88c87b86b715d2c710ffb7ec;1999-08-24;63c7cfdf0d8a7cd88d36639d586c337e90f78feb;2011-02-22;2007-01-10;2006-06-29;CWE-79;4.3;AV:N/AC:M/Au:N/C:N/I:P/A:N;3024;23259;23259;8580;no
CVE-2012-3499;18cc8e835b71e832d78c93bf97a6232a088747fb;2012-11-26;d201a7a5925d2feeae10ed45758e2a6ead065bcf;2004-09-05;57a654ffe71ee60f75c1ae9fc0455f98168cc39f;2011-02-02;e3e87d34a0280b4e88c87b86b715d2c710ffb7ec;1999-08-24;63c7cfdf0d8a7cd88d36639d586c337e90f78feb;2011-02-22;2007-01-10;2006-06-29;CWE-79;4.3;AV:N/AC:M/Au:N/C:N/I:P/A:N;3024;23259;23259;8580;no
CVE-2012-3499;18cc8e835b71e832d78c93bf97a6232a088747fb;2012-11-26;adb7fdd063be0005ec03ba93f5f730bcf5b006a0;2011-01-10;57a654ffe71ee60f75c1ae9fc0455f98168cc39f;2011-02-02;e3e87d34a0280b4e88c87b86b715d2c710ffb7ec;1999-08-24;63c7cfdf0d8a7cd88d36639d586c337e90f78feb;2011-02-22;2007-01-10;2006-06-29;CWE-79;4.3;AV:N/AC:M/Au:N/C:N/I:P/A:N;3024;23259;23259;8580;no
CVE-2012-3499;18cc8e835b71e832d78c93bf97a6232a088747fb;2012-11-26;04d48349bbbbeb10e523058d855e9cb8607a9a34;2011-06-13;57a654ffe71ee60f75c1ae9fc0455f98168cc39f;2011-02-02;e3e87d34a0280b4e88c87b86b715d2c710ffb7ec;1999-08-24;63c7cfdf0d8a7cd88d36639d586c337e90f78feb;2011-02-22;2007-01-10;2006-06-29;CWE-79;4.3;AV:N/AC:M/Au:N/C:N/I:P/A:N;3024;23259;23259;8580;no
CVE-2012-3499;18cc8e835b71e832d78c93bf97a6232a088747fb;2012-11-26;2d7f11c8035b26a244adc99df9d7a301f18c7107;2004-08-26;57a654ffe71ee60f75c1ae9fc0455f98168cc39f;2011-02-02;e3e87d34a0280b4e88c87b86b715d2c710ffb7ec;1999-08-24;63c7cfdf0d8a7cd88d36639d586c337e90f78feb;2011-02-22;2007-01-10;2006-06-29;CWE-79;4.3;AV:N/AC:M/Au:N/C:N/I:P/A:N;3024;23259;23259;8580;no
CVE-2010-0434;115c1e496d8f7057447571534bd73bb61e99b114;2010-01-21;6f96ad52275b5b35226cdb2ce66b3832e9dfb605;1999-08-24;140031be517115ad1660a9cd09dc81c2f7d7e1aa;2009-12-10;6f96ad52275b5b35226cdb2ce66b3832e9dfb605;1999-08-24;140031be517115ad1660a9cd09dc81c2f7d7e1aa;2009-12-10;2004-12-08;2008-03-09;CWE-200;4.3;AV:N/AC:M/Au:N/C:P/I:N/A:N;90;18446;18446;2357;yes
CVE-2010-0434;115c1e496d8f7057447571534bd73bb61e99b114;2010-01-21;140031be517115ad1660a9cd09dc81c2f7d7e1aa;2009-12-10;140031be517115ad1660a9cd09dc81c2f7d7e1aa;2009-12-10;6f96ad52275b5b35226cdb2ce66b3832e9dfb605;1999-08-24;140031be517115ad1660a9cd09dc81c2f7d7e1aa;2009-12-10;2004-12-08;2008-03-09;CWE-200;4.3;AV:N/AC:M/Au:N/C:P/I:N/A:N;90;18446;18446;2357;yes
CVE-2010-0434;115c1e496d8f7057447571534bd73bb61e99b114;2010-01-21;235fd33d8f336307ff96e6c8577c51809aa23e5c;2005-03-23;140031be517115ad1660a9cd09dc81c2f7d7e1aa;2009-12-10;6f96ad52275b5b35226cdb2ce66b3832e9dfb605;1999-08-24;140031be517115ad1660a9cd09dc81c2f7d7e1aa;2009-12-10;2004-12-08;2008-03-09;CWE-200;4.3;AV:N/AC:M/Au:N/C:P/I:N/A:N;90;18446;18446;2357;yes
CVE-2003-0083;c8185c253b6d4d0b3340e32072db54463231af7e;2003-03-06;f98dcb99c587d8e2bd0f5d6173512a8aeeea4dcf;2000-11-30;e3e87d34a0280b4e88c87b86b715d2c710ffb7ec;1999-08-24;e3e87d34a0280b4e88c87b86b715d2c710ffb7ec;1999-08-24;cb16c9fcfd5450a3aede822bc8018bd2f94b7327;2003-02-13;2001-04-10;2001-01-15;NVD-CWE-Other;5.0;AV:N/AC:L/Au:N/C:N/I:P/A:N;10228;10228;10228;7459;no
CVE-2003-0083;c8185c253b6d4d0b3340e32072db54463231af7e;2003-03-06;e3e87d34a0280b4e88c87b86b715d2c710ffb7ec;1999-08-24;e3e87d34a0280b4e88c87b86b715d2c710ffb7ec;1999-08-24;e3e87d34a0280b4e88c87b86b715d2c710ffb7ec;1999-08-24;cb16c9fcfd5450a3aede822bc8018bd2f94b7327;2003-02-13;2001-04-10;2001-01-15;NVD-CWE-Other;5.0;AV:N/AC:L/Au:N/C:N/I:P/A:N;10228;10228;10228;7459;no
CVE-2003-0083;c8185c253b6d4d0b3340e32072db54463231af7e;2003-03-06;e905ec9a274cb790ef56b5b721b8bf9761610673;2000-11-03;e3e87d34a0280b4e88c87b86b715d2c710ffb7ec;1999-08-24;e3e87d34a0280b4e88c87b86b715d2c710ffb7ec;1999-08-24;cb16c9fcfd5450a3aede822bc8018bd2f94b7327;2003-02-13;2001-04-10;2001-01-15;NVD-CWE-Other;5.0;AV:N/AC:L/Au:N/C:N/I:P/A:N;10228;10228;10228;7459;no
CVE-2003-0083;c8185c253b6d4d0b3340e32072db54463231af7e;2003-03-06;760b659c6686aeba29a6addb84487615b1999c78;2000-11-03;e3e87d34a0280b4e88c87b86b715d2c710ffb7ec;1999-08-24;e3e87d34a0280b4e88c87b86b715d2c710ffb7ec;1999-08-24;cb16c9fcfd5450a3aede822bc8018bd2f94b7327;2003-02-13;2001-04-10;2001-01-15;NVD-CWE-Other;5.0;AV:N/AC:L/Au:N/C:N/I:P/A:N;10228;10228;10228;7459;no
CVE-2003-0083;c8185c253b6d4d0b3340e32072db54463231af7e;2003-03-06;6f96ad52275b5b35226cdb2ce66b3832e9dfb605;1999-08-24;e3e87d34a0280b4e88c87b86b715d2c710ffb7ec;1999-08-24;e3e87d34a0280b4e88c87b86b715d2c710ffb7ec;1999-08-24;cb16c9fcfd5450a3aede822bc8018bd2f94b7327;2003-02-13;2001-04-10;2001-01-15;NVD-CWE-Other;5.0;AV:N/AC:L/Au:N/C:N/I:P/A:N;10228;10228;10228;7459;no
CVE-2010-0425;56b1703293f7c9f2dcc1622898586e8d656ca9f1;2010-03-02;9dd6e4455249d5a888aa5de3fb9cb227240d75fc;2002-05-14;9dd6e4455249d5a888aa5de3fb9cb227240d75fc;2002-05-14;9dd6e4455249d5a888aa5de3fb9cb227240d75fc;2002-05-14;9dd6e4455249d5a888aa5de3fb9cb227240d75fc;2002-05-14;2002-05-14;2002-05-14;NVD-CWE-noinfo;10.0;AV:N/AC:L/Au:N/C:C/I:C/A:C;9457;9457;9457;9458;no
CVE-2010-0425;1ea89a333a6f69e8c55459213c653b614dda5b7b;2010-03-02;9dd6e4455249d5a888aa5de3fb9cb227240d75fc;2002-05-14;9dd6e4455249d5a888aa5de3fb9cb227240d75fc;2002-05-14;9dd6e4455249d5a888aa5de3fb9cb227240d75fc;2002-05-14;9dd6e4455249d5a888aa5de3fb9cb227240d75fc;2002-05-14;2002-05-14;2002-05-14;NVD-CWE-noinfo;10.0;AV:N/AC:L/Au:N/C:C/I:C/A:C;10808;10808;10808;10809;no
CVE-2011-4317;6627c80356324786fca40c51afb24fc799803f81;2012-01-24;e3e87d34a0280b4e88c87b86b715d2c710ffb7ec;1999-08-24;3597dd02149a842e18c9074fc39a3cc1baaf889b;2011-10-06;3597dd02149a842e18c9074fc39a3cc1baaf889b;2011-10-06;3597dd02149a842e18c9074fc39a3cc1baaf889b;2011-10-06;2011-10-06;2011-10-06;CWE-20;4.3;AV:N/AC:M/Au:N/C:N/I:P/A:N;112;112;112;113;yes
CVE-2011-4317;6627c80356324786fca40c51afb24fc799803f81;2012-01-24;e3e87d34a0280b4e88c87b86b715d2c710ffb7ec;1999-08-24;3597dd02149a842e18c9074fc39a3cc1baaf889b;2011-10-06;3597dd02149a842e18c9074fc39a3cc1baaf889b;2011-10-06;3597dd02149a842e18c9074fc39a3cc1baaf889b;2011-10-06;2011-10-06;2011-10-06;CWE-20;4.3;AV:N/AC:M/Au:N/C:N/I:P/A:N;112;112;112;113;yes
CVE-2011-4317;6627c80356324786fca40c51afb24fc799803f81;2012-01-24;14fef5ae8528914791df2dd5041cb804c1c7b793;2011-12-02;3597dd02149a842e18c9074fc39a3cc1baaf889b;2011-10-06;3597dd02149a842e18c9074fc39a3cc1baaf889b;2011-10-06;3597dd02149a842e18c9074fc39a3cc1baaf889b;2011-10-06;2011-10-06;2011-10-06;CWE-20;4.3;AV:N/AC:M/Au:N/C:N/I:P/A:N;112;112;112;113;yes
CVE-2011-4317;6627c80356324786fca40c51afb24fc799803f81;2012-01-24;14fef5ae8528914791df2dd5041cb804c1c7b793;2011-12-02;3597dd02149a842e18c9074fc39a3cc1baaf889b;2011-10-06;3597dd02149a842e18c9074fc39a3cc1baaf889b;2011-10-06;3597dd02149a842e18c9074fc39a3cc1baaf889b;2011-10-06;2011-10-06;2011-10-06;CWE-20;4.3;AV:N/AC:M/Au:N/C:N/I:P/A:N;112;112;112;113;yes
CVE-2011-4317;6627c80356324786fca40c51afb24fc799803f81;2012-01-24;3371c662632f499a390317ec46f35abd7bb1f066;2011-10-05;3597dd02149a842e18c9074fc39a3cc1baaf889b;2011-10-06;3597dd02149a842e18c9074fc39a3cc1baaf889b;2011-10-06;3597dd02149a842e18c9074fc39a3cc1baaf889b;2011-10-06;2011-10-06;2011-10-06;CWE-20;4.3;AV:N/AC:M/Au:N/C:N/I:P/A:N;112;112;112;113;yes
CVE-2011-4317;6627c80356324786fca40c51afb24fc799803f81;2012-01-24;71fefb695182c785ae23cc3843a78d7cd9e25781;2011-10-25;3597dd02149a842e18c9074fc39a3cc1baaf889b;2011-10-06;3597dd02149a842e18c9074fc39a3cc1baaf889b;2011-10-06;3597dd02149a842e18c9074fc39a3cc1baaf889b;2011-10-06;2011-10-06;2011-10-06;CWE-20;4.3;AV:N/AC:M/Au:N/C:N/I:P/A:N;112;112;112;113;yes
CVE-2011-4317;6635e5a3da3e3c27b8a279297e67c37f75da1db2;2012-01-19;e3e87d34a0280b4e88c87b86b715d2c710ffb7ec;1999-08-24;14fef5ae8528914791df2dd5041cb804c1c7b793;2011-12-02;3371c662632f499a390317ec46f35abd7bb1f066;2011-10-05;92e366007c7936f44eef10f88a7042bc5a663c05;2011-12-02;2011-11-08;2011-11-06;CWE-20;4.3;AV:N/AC:M/Au:N/C:N/I:P/A:N;198;620;620;492;yes
CVE-2011-4317;6635e5a3da3e3c27b8a279297e67c37f75da1db2;2012-01-19;e3e87d34a0280b4e88c87b86b715d2c710ffb7ec;1999-08-24;14fef5ae8528914791df2dd5041cb804c1c7b793;2011-12-02;3371c662632f499a390317ec46f35abd7bb1f066;2011-10-05;92e366007c7936f44eef10f88a7042bc5a663c05;2011-12-02;2011-11-08;2011-11-06;CWE-20;4.3;AV:N/AC:M/Au:N/C:N/I:P/A:N;198;620;620;492;yes
CVE-2011-4317;6635e5a3da3e3c27b8a279297e67c37f75da1db2;2012-01-19;14fef5ae8528914791df2dd5041cb804c1c7b793;2011-12-02;14fef5ae8528914791df2dd5041cb804c1c7b793;2011-12-02;3371c662632f499a390317ec46f35abd7bb1f066;2011-10-05;92e366007c7936f44eef10f88a7042bc5a663c05;2011-12-02;2011-11-08;2011-11-06;CWE-20;4.3;AV:N/AC:M/Au:N/C:N/I:P/A:N;198;620;620;492;yes
CVE-2011-4317;6635e5a3da3e3c27b8a279297e67c37f75da1db2;2012-01-19;14fef5ae8528914791df2dd5041cb804c1c7b793;2011-12-02;14fef5ae8528914791df2dd5041cb804c1c7b793;2011-12-02;3371c662632f499a390317ec46f35abd7bb1f066;2011-10-05;92e366007c7936f44eef10f88a7042bc5a663c05;2011-12-02;2011-11-08;2011-11-06;CWE-20;4.3;AV:N/AC:M/Au:N/C:N/I:P/A:N;198;620;620;492;yes
CVE-2011-4317;6635e5a3da3e3c27b8a279297e67c37f75da1db2;2012-01-19;3371c662632f499a390317ec46f35abd7bb1f066;2011-10-05;14fef5ae8528914791df2dd5041cb804c1c7b793;2011-12-02;3371c662632f499a390317ec46f35abd7bb1f066;2011-10-05;92e366007c7936f44eef10f88a7042bc5a663c05;2011-12-02;2011-11-08;2011-11-06;CWE-20;4.3;AV:N/AC:M/Au:N/C:N/I:P/A:N;198;620;620;492;yes
CVE-2011-4317;6635e5a3da3e3c27b8a279297e67c37f75da1db2;2012-01-19;71fefb695182c785ae23cc3843a78d7cd9e25781;2011-10-25;14fef5ae8528914791df2dd5041cb804c1c7b793;2011-12-02;3371c662632f499a390317ec46f35abd7bb1f066;2011-10-05;92e366007c7936f44eef10f88a7042bc5a663c05;2011-12-02;2011-11-08;2011-11-06;CWE-20;4.3;AV:N/AC:M/Au:N/C:N/I:P/A:N;198;620;620;492;yes
CVE-2013-1896;383133e2380785f4e93248555bbca9f8a7e69bfe;2013-06-26;5f2484b7bcdd70ad82929e5cc2df62e00e33ae88;2008-04-02;134f174983660c1ea523d973fe7f7a5de8e45955;2008-05-27;134f174983660c1ea523d973fe7f7a5de8e45955;2008-05-27;134f174983660c1ea523d973fe7f7a5de8e45955;2008-05-27;2008-05-27;2008-05-27;CWE-264;4.3;AV:N/AC:M/Au:N/C:N/I:N/A:P;2619;2619;2619;2627;no
CVE-2013-1896;5ebe69d4fed4478250b4e73b9dfa2c1db25003d2;2013-05-26;5f2484b7bcdd70ad82929e5cc2df62e00e33ae88;2008-04-02;5f2484b7bcdd70ad82929e5cc2df62e00e33ae88;2008-04-02;5f2484b7bcdd70ad82929e5cc2df62e00e33ae88;2008-04-02;5f2484b7bcdd70ad82929e5cc2df62e00e33ae88;2008-04-02;2008-04-02;2008-04-02;CWE-264;4.3;AV:N/AC:M/Au:N/C:N/I:N/A:P;7524;7524;7524;7529;no
CVE-2013-1896;87367647decd3415021f9654958f3a987f245fd1;2013-05-23;5f2484b7bcdd70ad82929e5cc2df62e00e33ae88;2008-04-02;5f2484b7bcdd70ad82929e5cc2df62e00e33ae88;2008-04-02;5f2484b7bcdd70ad82929e5cc2df62e00e33ae88;2008-04-02;5f2484b7bcdd70ad82929e5cc2df62e00e33ae88;2008-04-02;2008-04-02;2008-04-02;CWE-264;4.3;AV:N/AC:M/Au:N/C:N/I:N/A:P;7778;7778;7778;7783;no
CVE-2005-2700;a1e9d51be373b9c9e537d129a48e140232643a9e;2005-08-30;f83672781de25207442ff908258219de1d103062;2001-05-04;72814e709a659cb9ee200b1f710f44351c9028d3;2002-03-12;72814e709a659cb9ee200b1f710f44351c9028d3;2002-03-12;72814e709a659cb9ee200b1f710f44351c9028d3;2002-03-12;2002-03-12;2002-03-12;NVD-CWE-Other;10.0;AV:N/AC:L/Au:N/C:C/I:C/A:C;7070;7070;7070;7077;yes
CVE-2013-2249;919538ecaf34434737434f974765f712c01c3e29;2013-07-07;2b7c89aab4ade1c2c82cb2affccc45e65a342026;2008-04-04;5b822119d075f16f1a5b2dcade320f43cbe78daa;2008-04-05;5b822119d075f16f1a5b2dcade320f43cbe78daa;2008-04-05;b6ae8ca44adfc5fdf7ec83d8a4fc29ea5d257a55;2011-12-05;2009-09-02;2008-10-08;NVD-CWE-noinfo;7.5;AV:N/AC:L/Au:N/C:P/I:P/A:P;7694;7694;7694;7161;no
CVE-2013-2249;919538ecaf34434737434f974765f712c01c3e29;2013-07-07;e3aec994376f0716a1cb73d50a2c20644b6c8f6f;2010-03-27;5b822119d075f16f1a5b2dcade320f43cbe78daa;2008-04-05;5b822119d075f16f1a5b2dcade320f43cbe78daa;2008-04-05;b6ae8ca44adfc5fdf7ec83d8a4fc29ea5d257a55;2011-12-05;2009-09-02;2008-10-08;NVD-CWE-noinfo;7.5;AV:N/AC:L/Au:N/C:P/I:P/A:P;7694;7694;7694;7161;no
CVE-2013-2249;919538ecaf34434737434f974765f712c01c3e29;2013-07-07;5b822119d075f16f1a5b2dcade320f43cbe78daa;2008-04-05;5b822119d075f16f1a5b2dcade320f43cbe78daa;2008-04-05;5b822119d075f16f1a5b2dcade320f43cbe78daa;2008-04-05;b6ae8ca44adfc5fdf7ec83d8a4fc29ea5d257a55;2011-12-05;2009-09-02;2008-10-08;NVD-CWE-noinfo;7.5;AV:N/AC:L/Au:N/C:P/I:P/A:P;7694;7694;7694;7161;no
CVE-2013-2249;3eed634c9c382265179381c05181ba683672262f;2013-05-31;2b7c89aab4ade1c2c82cb2affccc45e65a342026;2008-04-04;5b822119d075f16f1a5b2dcade320f43cbe78daa;2008-04-05;5b822119d075f16f1a5b2dcade320f43cbe78daa;2008-04-05;92e366007c7936f44eef10f88a7042bc5a663c05;2011-12-02;2009-09-01;2008-10-08;NVD-CWE-noinfo;7.5;AV:N/AC:L/Au:N/C:P/I:P/A:P;7782;7782;7782;7249;no
CVE-2013-2249;3eed634c9c382265179381c05181ba683672262f;2013-05-31;e3aec994376f0716a1cb73d50a2c20644b6c8f6f;2010-03-27;5b822119d075f16f1a5b2dcade320f43cbe78daa;2008-04-05;5b822119d075f16f1a5b2dcade320f43cbe78daa;2008-04-05;92e366007c7936f44eef10f88a7042bc5a663c05;2011-12-02;2009-09-01;2008-10-08;NVD-CWE-noinfo;7.5;AV:N/AC:L/Au:N/C:P/I:P/A:P;7782;7782;7782;7249;no
CVE-2013-2249;3eed634c9c382265179381c05181ba683672262f;2013-05-31;5b822119d075f16f1a5b2dcade320f43cbe78daa;2008-04-05;5b822119d075f16f1a5b2dcade320f43cbe78daa;2008-04-05;5b822119d075f16f1a5b2dcade320f43cbe78daa;2008-04-05;92e366007c7936f44eef10f88a7042bc5a663c05;2011-12-02;2009-09-01;2008-10-08;NVD-CWE-noinfo;7.5;AV:N/AC:L/Au:N/C:P/I:P/A:P;7782;7782;7782;7249;no
CVE-2003-0542;67a3a718776eaab2699f55e61a3472af04a7b751;2003-10-24;874eafe081bfb257f95f7c9bab374a047ca0a77e;2003-08-23;874eafe081bfb257f95f7c9bab374a047ca0a77e;2003-08-23;e3e87d34a0280b4e88c87b86b715d2c710ffb7ec;1999-08-24;874eafe081bfb257f95f7c9bab374a047ca0a77e;2003-08-23;2002-08-22;2002-12-20;CWE-119;7.2;AV:L/AC:L/Au:N/C:C/I:C/A:C;132;11161;11161;1281;no
CVE-2003-0542;67a3a718776eaab2699f55e61a3472af04a7b751;2003-10-24;e3e87d34a0280b4e88c87b86b715d2c710ffb7ec;1999-08-24;874eafe081bfb257f95f7c9bab374a047ca0a77e;2003-08-23;e3e87d34a0280b4e88c87b86b715d2c710ffb7ec;1999-08-24;874eafe081bfb257f95f7c9bab374a047ca0a77e;2003-08-23;2002-08-22;2002-12-20;CWE-119;7.2;AV:L/AC:L/Au:N/C:C/I:C/A:C;132;11161;11161;1281;no
CVE-2003-0542;67a3a718776eaab2699f55e61a3472af04a7b751;2003-10-24;9a2bf077dfbdb5fbaa929d4259bea28e1745dbe6;2003-08-19;874eafe081bfb257f95f7c9bab374a047ca0a77e;2003-08-23;e3e87d34a0280b4e88c87b86b715d2c710ffb7ec;1999-08-24;874eafe081bfb257f95f7c9bab374a047ca0a77e;2003-08-23;2002-08-22;2002-12-20;CWE-119;7.2;AV:L/AC:L/Au:N/C:C/I:C/A:C;132;11161;11161;1281;no
CVE-2003-0542;67a3a718776eaab2699f55e61a3472af04a7b751;2003-10-24;e3e87d34a0280b4e88c87b86b715d2c710ffb7ec;1999-08-24;874eafe081bfb257f95f7c9bab374a047ca0a77e;2003-08-23;e3e87d34a0280b4e88c87b86b715d2c710ffb7ec;1999-08-24;874eafe081bfb257f95f7c9bab374a047ca0a77e;2003-08-23;2002-08-22;2002-12-20;CWE-119;7.2;AV:L/AC:L/Au:N/C:C/I:C/A:C;132;11161;11161;1281;no
CVE-2003-0542;67a3a718776eaab2699f55e61a3472af04a7b751;2003-10-24;74bf9ef099a9923e09588cf2c8f2a8c6f82ee17c;2003-07-26;874eafe081bfb257f95f7c9bab374a047ca0a77e;2003-08-23;e3e87d34a0280b4e88c87b86b715d2c710ffb7ec;1999-08-24;874eafe081bfb257f95f7c9bab374a047ca0a77e;2003-08-23;2002-08-22;2002-12-20;CWE-119;7.2;AV:L/AC:L/Au:N/C:C/I:C/A:C;132;11161;11161;1281;no
CVE-2003-0542;67a3a718776eaab2699f55e61a3472af04a7b751;2003-10-24;11149ed80764be76746a7ae43eff275ce51d498e;2000-09-23;874eafe081bfb257f95f7c9bab374a047ca0a77e;2003-08-23;e3e87d34a0280b4e88c87b86b715d2c710ffb7ec;1999-08-24;874eafe081bfb257f95f7c9bab374a047ca0a77e;2003-08-23;2002-08-22;2002-12-20;CWE-119;7.2;AV:L/AC:L/Au:N/C:C/I:C/A:C;132;11161;11161;1281;no
CVE-2003-0542;67a3a718776eaab2699f55e61a3472af04a7b751;2003-10-24;a9ba1fd2474f04ff65f2c989a489298b795bd52f;2003-02-14;874eafe081bfb257f95f7c9bab374a047ca0a77e;2003-08-23;e3e87d34a0280b4e88c87b86b715d2c710ffb7ec;1999-08-24;874eafe081bfb257f95f7c9bab374a047ca0a77e;2003-08-23;2002-08-22;2002-12-20;CWE-119;7.2;AV:L/AC:L/Au:N/C:C/I:C/A:C;132;11161;11161;1281;no
CVE-2002-1593;41b61ff59f8e667188055382036da1417a7e002b;2002-09-19;b30a67812fd44d75f28d737e937195658075dc45;2001-01-20;b30a67812fd44d75f28d737e937195658075dc45;2001-01-20;b30a67812fd44d75f28d737e937195658075dc45;2001-01-20;b30a67812fd44d75f28d737e937195658075dc45;2001-01-20;2001-01-20;2001-01-20;NVD-CWE-Other;5.0;AV:N/AC:L/Au:N/C:N/I:N/A:P;6350;6350;6350;6352;no
CVE-2005-3357;16e5cdde498027254084025a100b219073f8d56f;2005-12-06;74c5908625298214006685b6f4e7b1ce0a8c324d;2004-03-05;74c5908625298214006685b6f4e7b1ce0a8c324d;2004-03-05;74c5908625298214006685b6f4e7b1ce0a8c324d;2004-03-05;74c5908625298214006685b6f4e7b1ce0a8c324d;2004-03-05;2004-03-05;2004-03-05;CWE-399;5.4;AV:N/AC:H/Au:N/C:N/I:N/A:C;2612;2612;2612;2614;no
CVE-2017-3167;92ab67cbad4e148c4ed97bba713e7b320a4412f9;2017-05-26;db81019ab88734ed35fa70294a0cfa7a19743f73;2015-06-09;db81019ab88734ed35fa70294a0cfa7a19743f73;2015-06-09;db81019ab88734ed35fa70294a0cfa7a19743f73;2015-06-09;38e269322b2e88d8c52f9aeb1db01ffbcecdcd13;2017-04-21;2016-05-15;2015-11-26;CWE-287;7.5;AV:N/AC:L/Au:N/C:P/I:P/A:P;2716;2716;2716;2208;yes
CVE-2011-3192;d4d3c50d1662f8c4ba42370e36a15f7a3f374207;2011-08-29;439221058cd102a3dbfb65f488f9cd56648e199c;2004-11-27;439221058cd102a3dbfb65f488f9cd56648e199c;2004-11-27;439221058cd102a3dbfb65f488f9cd56648e199c;2004-11-27;c1013685e840220dbef9db5b35f9d113512c8259;2007-10-29;2005-11-24;2005-03-20;CWE-399;7.8;AV:N/AC:L/Au:N/C:N/I:N/A:C;5002;5002;5002;4531;yes
CVE-2011-3192;2fe752e16be831a618c7e3e5d3c0f8edf491a82d;2011-08-25;439221058cd102a3dbfb65f488f9cd56648e199c;2004-11-27;439221058cd102a3dbfb65f488f9cd56648e199c;2004-11-27;439221058cd102a3dbfb65f488f9cd56648e199c;2004-11-27;439221058cd102a3dbfb65f488f9cd56648e199c;2004-11-27;2004-11-27;2004-11-27;CWE-399;7.8;AV:N/AC:L/Au:N/C:N/I:N/A:C;8047;8047;8047;8051;yes
CVE-2012-0031;65718cf0f5980f1e5e2e9a2335a0cfb599b30cda;2012-01-11;7e1113f913afac2f19370be8f300b32a3053eafb;2002-01-10;e0ddfe0fdfd50acd20f597d0ad51e9104971f35b;2012-01-09;b119ec0e6011966214b20aa66cc2f80681a5ee96;2001-02-02;e0ddfe0fdfd50acd20f597d0ad51e9104971f35b;2012-01-09;2004-04-21;2004-04-21;CWE-399;4.6;AV:L/AC:L/Au:N/C:P/I:P/A:P;10;18808;18808;9847;yes
CVE-2012-0031;65718cf0f5980f1e5e2e9a2335a0cfb599b30cda;2012-01-11;5cd54703000e93e0ca3944b157767e3b4190b9a4;2002-01-30;e0ddfe0fdfd50acd20f597d0ad51e9104971f35b;2012-01-09;b119ec0e6011966214b20aa66cc2f80681a5ee96;2001-02-02;e0ddfe0fdfd50acd20f597d0ad51e9104971f35b;2012-01-09;2004-04-21;2004-04-21;CWE-399;4.6;AV:L/AC:L/Au:N/C:P/I:P/A:P;10;18808;18808;9847;yes
CVE-2017-7668;edb6db90d2474b5807b2459b3380bf947c5866fa;2017-06-19;6f96ad52275b5b35226cdb2ce66b3832e9dfb605;1999-08-24;7310a8c6b5a6013667a780b6d849f184e06627e8;2002-11-01;7310a8c6b5a6013667a780b6d849f184e06627e8;2002-11-01;7310a8c6b5a6013667a780b6d849f184e06627e8;2002-11-01;2002-11-01;2002-11-01;CWE-20;7.5;AV:N/AC:L/Au:N/C:P/I:P/A:P;9975;9975;9975;9987;yes
CVE-2017-7668;b2445f6e1bfa79c28bfab45e924c95fe350bf67f;2017-05-30;6f96ad52275b5b35226cdb2ce66b3832e9dfb605;1999-08-24;7310a8c6b5a6013667a780b6d849f184e06627e8;2002-11-01;7310a8c6b5a6013667a780b6d849f184e06627e8;2002-11-01;7310a8c6b5a6013667a780b6d849f184e06627e8;2002-11-01;2002-11-01;2002-11-01;CWE-20;7.5;AV:N/AC:L/Au:N/C:P/I:P/A:P;18545;18545;18545;18557;yes
CVE-2004-0942;4ddf48af17a85a133b08ce2c1b99aae7bb78ef01;2004-11-04;0cab3cd57a7cfeb8dff32525f86b7f55e3a8894b;2003-07-08;f885c784d2fbda2864a055545727695d98154547;2002-01-24;f885c784d2fbda2864a055545727695d98154547;2002-01-24;ad2c145ec1aa42ba78f90e7e0563302431d03a8a;2003-07-12;2002-10-05;2002-10-11;NVD-CWE-Other;5.0;AV:N/AC:L/Au:N/C:N/I:N/A:P;6630;6630;6630;3442;no
CVE-2007-5000;5b442e5f1b9b81bfe8299259671ec43d3be129c3;2007-12-11;e3e87d34a0280b4e88c87b86b715d2c710ffb7ec;1999-08-24;e3e87d34a0280b4e88c87b86b715d2c710ffb7ec;1999-08-24;e3e87d34a0280b4e88c87b86b715d2c710ffb7ec;1999-08-24;d5c24720dc110cf6381fd89e036164fe55571a8e;2002-03-20;2001-02-21;2000-10-07;CWE-79;4.3;AV:N/AC:M/Au:N/C:N/I:P/A:N;15828;15828;15828;14016;no
CVE-2007-5000;5b442e5f1b9b81bfe8299259671ec43d3be129c3;2007-12-11;e3e87d34a0280b4e88c87b86b715d2c710ffb7ec;1999-08-24;e3e87d34a0280b4e88c87b86b715d2c710ffb7ec;1999-08-24;e3e87d34a0280b4e88c87b86b715d2c710ffb7ec;1999-08-24;d5c24720dc110cf6381fd89e036164fe55571a8e;2002-03-20;2001-02-21;2000-10-07;CWE-79;4.3;AV:N/AC:M/Au:N/C:N/I:P/A:N;15828;15828;15828;14016;no
CVE-2007-5000;a8008a682eec47a9d93f919f61239b11a474dda7;2007-12-12;e3e87d34a0280b4e88c87b86b715d2c710ffb7ec;1999-08-24;e3e87d34a0280b4e88c87b86b715d2c710ffb7ec;1999-08-24;e3e87d34a0280b4e88c87b86b715d2c710ffb7ec;1999-08-24;d5c24720dc110cf6381fd89e036164fe55571a8e;2002-03-20;2001-02-21;2000-10-07;CWE-79;4.3;AV:N/AC:M/Au:N/C:N/I:P/A:N;15628;15628;15628;13816;no
CVE-2007-5000;a8008a682eec47a9d93f919f61239b11a474dda7;2007-12-12;e3e87d34a0280b4e88c87b86b715d2c710ffb7ec;1999-08-24;e3e87d34a0280b4e88c87b86b715d2c710ffb7ec;1999-08-24;e3e87d34a0280b4e88c87b86b715d2c710ffb7ec;1999-08-24;d5c24720dc110cf6381fd89e036164fe55571a8e;2002-03-20;2001-02-21;2000-10-07;CWE-79;4.3;AV:N/AC:M/Au:N/C:N/I:P/A:N;15628;15628;15628;13816;no
CVE-2007-5000;a19987ca7f151b80c25e1fd6c24e938ca22987f4;2005-04-07;e3e87d34a0280b4e88c87b86b715d2c710ffb7ec;1999-08-24;d6490633ebbf0573107211f2cbd7517dad37a07e;2000-10-16;d6490633ebbf0573107211f2cbd7517dad37a07e;2000-10-16;45f620672d4de3a6153a8bb87270c4d2c2bb6bf3;2001-01-07;2000-11-26;2000-11-12;CWE-79;4.3;AV:N/AC:M/Au:N/C:N/I:P/A:N;11510;11510;11510;11251;no
CVE-2005-2728;ac40284b851e5c4a56f192dc0e208b5276c95f98;2005-06-07;439221058cd102a3dbfb65f488f9cd56648e199c;2004-11-27;439221058cd102a3dbfb65f488f9cd56648e199c;2004-11-27;439221058cd102a3dbfb65f488f9cd56648e199c;2004-11-27;439221058cd102a3dbfb65f488f9cd56648e199c;2004-11-27;2004-11-27;2004-11-27;NVD-CWE-Other;5.0;AV:N/AC:L/Au:N/C:N/I:N/A:P;702;702;702;706;yes
CVE-2005-2728;ac40284b851e5c4a56f192dc0e208b5276c95f98;2005-06-07;19dcad16a0fc7ca8f70c5dac9f678d0d91c7abc4;2002-05-06;439221058cd102a3dbfb65f488f9cd56648e199c;2004-11-27;439221058cd102a3dbfb65f488f9cd56648e199c;2004-11-27;439221058cd102a3dbfb65f488f9cd56648e199c;2004-11-27;2004-11-27;2004-11-27;NVD-CWE-Other;5.0;AV:N/AC:L/Au:N/C:N/I:N/A:P;702;702;702;706;yes
CVE-2005-2728;439221058cd102a3dbfb65f488f9cd56648e199c;2004-11-27;439221058cd102a3dbfb65f488f9cd56648e199c;2004-11-27;3eeeb76fb482bae7400eac7a4562fe8475756afd;2001-03-04;6f96ad52275b5b35226cdb2ce66b3832e9dfb605;1999-08-24;81e4e36b0eace2dd1e4717831cb751ac77e3f1d9;2004-10-29;2002-02-14;2001-11-05;NVD-CWE-Other;5.0;AV:N/AC:L/Au:N/C:N/I:N/A:P;9647;12926;12926;7537;yes
CVE-2005-2728;439221058cd102a3dbfb65f488f9cd56648e199c;2004-11-27;19dcad16a0fc7ca8f70c5dac9f678d0d91c7abc4;2002-05-06;3eeeb76fb482bae7400eac7a4562fe8475756afd;2001-03-04;6f96ad52275b5b35226cdb2ce66b3832e9dfb605;1999-08-24;81e4e36b0eace2dd1e4717831cb751ac77e3f1d9;2004-10-29;2002-02-14;2001-11-05;NVD-CWE-Other;5.0;AV:N/AC:L/Au:N/C:N/I:N/A:P;9647;12926;12926;7537;yes
CVE-2016-8740;c671673db96e286e2321d5babf05c767cb76a1ef;2016-12-04;c242fa55572969d9143c45941622f3b84535bf44;2016-05-18;c242fa55572969d9143c45941622f3b84535bf44;2016-05-18;00ac2bf0e2a5d3ce68f46db1df24943421873955;2015-06-30;2d12cf2d7a9635961cc3c46cfa7921da9c83d14c;2016-10-03;2016-04-01;2016-05-16;CWE-20;5.0;AV:N/AC:L/Au:N/C:N/I:N/A:P;661;2082;2082;668;no
CVE-2017-7679;9016722b3e8d6eb0f85270c7f5ed21012cc2c9ea;2017-06-19;290f6829dd3757167c5805a13b95b62e90f53712;2000-03-17;290f6829dd3757167c5805a13b95b62e90f53712;2000-03-17;290f6829dd3757167c5805a13b95b62e90f53712;2000-03-17;e3eca4ace6c8a5dff1d0e0e3f11a789a764c1ba3;2002-05-18;2001-04-17;2001-04-17;CWE-119;7.5;AV:N/AC:L/Au:N/C:P/I:P/A:P;18922;18922;18922;15917;yes
CVE-2017-7679;d98d3a43c65477216db43998082608c6935ab08b;2017-06-05;290f6829dd3757167c5805a13b95b62e90f53712;2000-03-17;290f6829dd3757167c5805a13b95b62e90f53712;2000-03-17;290f6829dd3757167c5805a13b95b62e90f53712;2000-03-17;e3eca4ace6c8a5dff1d0e0e3f11a789a764c1ba3;2002-05-18;2001-04-17;2001-04-17;CWE-119;7.5;AV:N/AC:L/Au:N/C:P/I:P/A:P;27513;27513;27513;24508;yes
CVE-2003-0132;68bf0bebe18e89cd4642535eb75b515225fbf0ca;2003-03-29;f885c784d2fbda2864a055545727695d98154547;2002-01-24;f885c784d2fbda2864a055545727695d98154547;2002-01-24;429614604301d118d5fd7231f452a7cef7c9f7b3;2001-02-26;a38bd025fc6d55a0cc471aec6b54d79592bbc45c;2003-03-27;2002-02-19;2002-01-31;NVD-CWE-Other;5.0;AV:N/AC:L/Au:N/C:N/I:N/A:P;4136;7078;7078;4037;no
CVE-2002-1592;f0cee8f8fba4195de9d58b05c9d42fac1bb520a2;2002-04-22;6f96ad52275b5b35226cdb2ce66b3832e9dfb605;1999-08-24;6f96ad52275b5b35226cdb2ce66b3832e9dfb605;1999-08-24;6f96ad52275b5b35226cdb2ce66b3832e9dfb605;1999-08-24;482dcf3495f36d69d8f4df9693a251050c5170fc;1999-10-20;1999-09-21;1999-09-15;NVD-CWE-Other;5.0;AV:N/AC:L/Au:N/C:P/I:N/A:N;7522;7522;7522;7427;no
CVE-2012-3502;91639c2229beb4152f2bff6602aa1e46e97865ed;2012-08-17;abfd8529a373972837364d4f210c8e67bcedf013;2004-08-11;a9d2ab75d0c8034df985f59bdb2e8600372d9d94;2005-10-21;99259de7836b2b6d8726e7af0aa741b907bc1ae0;2004-08-11;556cd2e4026cf9355814943da0b4ba1bda2b1ef7;2011-12-03;2007-04-20;2006-11-12;CWE-200;4.3;AV:N/AC:M/Au:N/C:P/I:N/A:N;8544;10350;10350;7720;no
CVE-2012-3502;91639c2229beb4152f2bff6602aa1e46e97865ed;2012-08-17;fac43eeab4a562e0550c340172fb4d4c86ac32cb;2005-07-15;a9d2ab75d0c8034df985f59bdb2e8600372d9d94;2005-10-21;99259de7836b2b6d8726e7af0aa741b907bc1ae0;2004-08-11;556cd2e4026cf9355814943da0b4ba1bda2b1ef7;2011-12-03;2007-04-20;2006-11-12;CWE-200;4.3;AV:N/AC:M/Au:N/C:P/I:N/A:N;8544;10350;10350;7720;no
CVE-2012-3502;4cf751dbb992d73c70687e93ba38335121c4194b;2012-08-16;abfd8529a373972837364d4f210c8e67bcedf013;2004-08-11;a9d2ab75d0c8034df985f59bdb2e8600372d9d94;2005-10-21;99259de7836b2b6d8726e7af0aa741b907bc1ae0;2004-08-11;9abaf845ca04840170d1fc547c6c8edba5cfb224;2011-12-03;2007-04-20;2006-11-12;CWE-200;4.3;AV:N/AC:M/Au:N/C:P/I:N/A:N;8794;10600;10600;7970;no
CVE-2012-3502;4cf751dbb992d73c70687e93ba38335121c4194b;2012-08-16;fac43eeab4a562e0550c340172fb4d4c86ac32cb;2005-07-15;a9d2ab75d0c8034df985f59bdb2e8600372d9d94;2005-10-21;99259de7836b2b6d8726e7af0aa741b907bc1ae0;2004-08-11;9abaf845ca04840170d1fc547c6c8edba5cfb224;2011-12-03;2007-04-20;2006-11-12;CWE-200;4.3;AV:N/AC:M/Au:N/C:P/I:N/A:N;8794;10600;10600;7970;no
CVE-2007-1862;9a29cd5f657671998da41c51e1933d23312ad310;2007-06-01;69604bb42c6b3ec7b799b8938694ac8eb9049460;2006-09-26;69604bb42c6b3ec7b799b8938694ac8eb9049460;2006-09-26;69604bb42c6b3ec7b799b8938694ac8eb9049460;2006-09-26;69604bb42c6b3ec7b799b8938694ac8eb9049460;2006-09-26;2006-09-26;2006-09-26;NVD-CWE-Other;5.0;AV:N/AC:L/Au:N/C:P/I:N/A:N;327;327;327;332;no
CVE-2007-1862;c0eb0397499044a0fc365a279d06d6bfe71ad646;2013-05-14;69604bb42c6b3ec7b799b8938694ac8eb9049460;2006-09-26;008aaa8136029b9019428348a8ae60bfca56d840;2003-07-28;008aaa8136029b9019428348a8ae60bfca56d840;2003-07-28;2571aaa8bfa3011142827bbf386ba8ea01071fea;2003-08-04;2003-07-31;2003-07-29;NVD-CWE-Other;5.0;AV:N/AC:L/Au:N/C:P/I:N/A:N;7721;7721;7721;7715;no
CVE-2014-0226;19998e63792ba4c6b5232de3cd4302ce267a2f83;2014-07-14;04bd9d4b2f71ce19f268981f160499d6d9f7c58d;2013-06-07;4157e579bf1fbff128100f0c9a4966c7d8b88282;2002-04-09;4157e579bf1fbff128100f0c9a4966c7d8b88282;2002-04-09;76a6802321b6035e974fa0a60c696b847ffc0299;2013-06-27;2007-11-17;2006-01-03;CWE-362;6.8;AV:N/AC:M/Au:N/C:P/I:P/A:P;11542;11542;11542;4720;no
CVE-2014-0226;4bbf0508ea33b0a295f49e11810f6c6d13ba7b47;2014-07-14;04bd9d4b2f71ce19f268981f160499d6d9f7c58d;2013-06-07;04bd9d4b2f71ce19f268981f160499d6d9f7c58d;2013-06-07;4157e579bf1fbff128100f0c9a4966c7d8b88282;2002-04-09;7d3ce74b785e3ed077ec12e7ff1bab12ca2c71f0;2014-07-14;2009-07-06;2010-10-08;CWE-362;6.8;AV:N/AC:M/Au:N/C:P/I:P/A:P;1347;17681;17681;5645;no
CVE-2014-0098;0559370e7e2bf322d11d6df51b934d211fb2465c;2014-03-07;066712a8cdcb414467706def84e461b393af503c;2011-12-28;066712a8cdcb414467706def84e461b393af503c;2011-12-28;066712a8cdcb414467706def84e461b393af503c;2011-12-28;577eaf25cdc37727001d83a858b75c11687ad745;2014-03-07;2012-10-27;2012-05-28;CWE-20;5.0;AV:N/AC:L/Au:N/C:N/I:N/A:P;3198;3198;3198;2359;no
CVE-2008-0005;b514669c7a6fac30d166fa392d7ab803fae2bca8;2007-12-24;59ad7a1b7cca4e17013bf4a0c5c220256f37472f;2000-06-28;d5c24720dc110cf6381fd89e036164fe55571a8e;2002-03-20;d5c24720dc110cf6381fd89e036164fe55571a8e;2002-03-20;00feac4b964bd7f9f3dd2f0fef98873df06cf868;2005-10-15;2004-03-20;2003-06-02;CWE-79;4.3;AV:N/AC:M/Au:N/C:N/I:P/A:N;8826;8826;8826;5203;no
CVE-2008-0005;b514669c7a6fac30d166fa392d7ab803fae2bca8;2007-12-24;e3e87d34a0280b4e88c87b86b715d2c710ffb7ec;1999-08-24;d5c24720dc110cf6381fd89e036164fe55571a8e;2002-03-20;d5c24720dc110cf6381fd89e036164fe55571a8e;2002-03-20;00feac4b964bd7f9f3dd2f0fef98873df06cf868;2005-10-15;2004-03-20;2003-06-02;CWE-79;4.3;AV:N/AC:M/Au:N/C:N/I:P/A:N;8826;8826;8826;5203;no
CVE-2008-0005;b514669c7a6fac30d166fa392d7ab803fae2bca8;2007-12-24;011142a2afe78de0f27ea9de34fab8143c0d5271;2001-08-18;d5c24720dc110cf6381fd89e036164fe55571a8e;2002-03-20;d5c24720dc110cf6381fd89e036164fe55571a8e;2002-03-20;00feac4b964bd7f9f3dd2f0fef98873df06cf868;2005-10-15;2004-03-20;2003-06-02;CWE-79;4.3;AV:N/AC:M/Au:N/C:N/I:P/A:N;8826;8826;8826;5203;no
CVE-2008-0005;b514669c7a6fac30d166fa392d7ab803fae2bca8;2007-12-24;2d7f11c8035b26a244adc99df9d7a301f18c7107;2004-08-26;d5c24720dc110cf6381fd89e036164fe55571a8e;2002-03-20;d5c24720dc110cf6381fd89e036164fe55571a8e;2002-03-20;00feac4b964bd7f9f3dd2f0fef98873df06cf868;2005-10-15;2004-03-20;2003-06-02;CWE-79;4.3;AV:N/AC:M/Au:N/C:N/I:P/A:N;8826;8826;8826;5203;no
CVE-2008-0005;b514669c7a6fac30d166fa392d7ab803fae2bca8;2007-12-24;07e7e196f4e0ab1edf3172f1a128c4253c20b504;2001-04-12;d5c24720dc110cf6381fd89e036164fe55571a8e;2002-03-20;d5c24720dc110cf6381fd89e036164fe55571a8e;2002-03-20;00feac4b964bd7f9f3dd2f0fef98873df06cf868;2005-10-15;2004-03-20;2003-06-02;CWE-79;4.3;AV:N/AC:M/Au:N/C:N/I:P/A:N;8826;8826;8826;5203;no
CVE-2014-3523;42bcf81be8dc9f51682e62bb71a6a98d4a511426;2014-07-15;94876f3217265a73923cf9cf4325f74da0ddcf4d;2009-01-16;94876f3217265a73923cf9cf4325f74da0ddcf4d;2009-01-16;94876f3217265a73923cf9cf4325f74da0ddcf4d;2009-01-16;94876f3217265a73923cf9cf4325f74da0ddcf4d;2009-01-16;2009-01-16;2009-01-16;CWE-399;5.0;AV:N/AC:L/Au:N/C:N/I:N/A:P;8130;8130;8130;8140;no
CVE-2008-0456;a348f7b78be19ec9bbbf80054bd6c794569009f9;2009-03-11;3d1465d445ed7240fd4b26142fc5892a73e3d4a4;2007-10-07;3d1465d445ed7240fd4b26142fc5892a73e3d4a4;2007-10-07;3d1465d445ed7240fd4b26142fc5892a73e3d4a4;2007-10-07;3d1465d445ed7240fd4b26142fc5892a73e3d4a4;2007-10-07;2007-10-07;2007-10-07;CWE-94;2.6;AV:N/AC:H/Au:N/C:N/I:P/A:N;1764;1764;1764;1765;no
CVE-2008-2364;ed3398fa6586556d4eafccc686570408bac46aa1;2008-06-10;7f52c2bfe4a05a1581b3195f5231e641f414343c;2004-01-12;7f52c2bfe4a05a1581b3195f5231e641f414343c;2004-01-12;7f52c2bfe4a05a1581b3195f5231e641f414343c;2004-01-12;8342bc03a2b79ad40e5f44deab7eb408672bddb4;2005-07-08;2004-10-09;2004-05-26;CWE-399;5.0;AV:N/AC:L/Au:N/C:N/I:N/A:P;4735;4735;4735;4134;no
CVE-2008-2364;33f7a2ac3bff0b73cfae18f1070253e49faa97b0;2008-06-10;7f52c2bfe4a05a1581b3195f5231e641f414343c;2004-01-12;7f52c2bfe4a05a1581b3195f5231e641f414343c;2004-01-12;7f52c2bfe4a05a1581b3195f5231e641f414343c;2004-01-12;8342bc03a2b79ad40e5f44deab7eb408672bddb4;2005-07-08;2004-10-09;2004-05-26;CWE-399;5.0;AV:N/AC:L/Au:N/C:N/I:N/A:P;5034;5034;5034;4433;no
CVE-2012-2687;0a0b0b3b90986feb9a12f041f4425832d309c269;2012-08-17;88d3406f9a35c503b9f0e3f125aacdaa05df9371;2001-02-08;88d3406f9a35c503b9f0e3f125aacdaa05df9371;2001-02-08;88d3406f9a35c503b9f0e3f125aacdaa05df9371;2001-02-08;88d3406f9a35c503b9f0e3f125aacdaa05df9371;2001-02-08;2001-02-08;2001-02-08;CWE-79;2.6;AV:N/AC:H/Au:N/C:N/I:P/A:N;15394;15394;15394;15397;no
CVE-2012-2687;8289f720d38fb918426bc8aeaf953dba85b795ed;2012-07-03;88d3406f9a35c503b9f0e3f125aacdaa05df9371;2001-02-08;88d3406f9a35c503b9f0e3f125aacdaa05df9371;2001-02-08;88d3406f9a35c503b9f0e3f125aacdaa05df9371;2001-02-08;88d3406f9a35c503b9f0e3f125aacdaa05df9371;2001-02-08;2001-02-08;2001-02-08;CWE-79;2.6;AV:N/AC:H/Au:N/C:N/I:P/A:N;19325;19325;19325;19328;no
CVE-2012-2687;885e76bebb7f8a1eeb5c72d3c217dd94fd6a8556;2012-06-13;88d3406f9a35c503b9f0e3f125aacdaa05df9371;2001-02-08;88d3406f9a35c503b9f0e3f125aacdaa05df9371;2001-02-08;88d3406f9a35c503b9f0e3f125aacdaa05df9371;2001-02-08;88d3406f9a35c503b9f0e3f125aacdaa05df9371;2001-02-08;2001-02-08;2001-02-08;CWE-79;2.6;AV:N/AC:H/Au:N/C:N/I:P/A:N;19602;19602;19602;19605;no
CVE-2011-3607;318ccaa5e42b991b8e23d94455192f659224e516;2012-01-04;17f845566f781d4a689ff2f6262f480d599783d2;1999-08-26;6f96ad52275b5b35226cdb2ce66b3832e9dfb605;1999-08-24;6f96ad52275b5b35226cdb2ce66b3832e9dfb605;1999-08-24;6f96ad52275b5b35226cdb2ce66b3832e9dfb605;1999-08-24;1999-08-24;1999-08-24;CWE-189;4.4;AV:L/AC:M/Au:N/C:P/I:P/A:P;18109;18109;18109;18112;yes
CVE-2009-3094;b10a9ef8b86e5aa8face574e9f6e97cf4e917002;2009-09-14;01b5958cf7a7e33b2c584ebf8686c78dc700a1a7;2002-03-09;7ec0ceeda8b5469fea65fc0fa95fd2d73ee7a1f8;2002-01-28;7ec0ceeda8b5469fea65fc0fa95fd2d73ee7a1f8;2002-01-28;01b5958cf7a7e33b2c584ebf8686c78dc700a1a7;2002-03-09;2002-02-07;2002-01-29;NVD-CWE-Other;2.6;AV:N/AC:H/Au:N/C:N/I:N/A:P;10752;10752;10752;10723;yes
CVE-2009-3094;b10a9ef8b86e5aa8face574e9f6e97cf4e917002;2009-09-14;db096af6a549cb986640071e44cc07eaf275c941;2000-06-12;7ec0ceeda8b5469fea65fc0fa95fd2d73ee7a1f8;2002-01-28;7ec0ceeda8b5469fea65fc0fa95fd2d73ee7a1f8;2002-01-28;01b5958cf7a7e33b2c584ebf8686c78dc700a1a7;2002-03-09;2002-02-07;2002-01-29;NVD-CWE-Other;2.6;AV:N/AC:H/Au:N/C:N/I:N/A:P;10752;10752;10752;10723;yes
CVE-2009-3094;b10a9ef8b86e5aa8face574e9f6e97cf4e917002;2009-09-14;854b0d252476aabec42f6d4bb5f79a3d9681d4dd;2001-04-05;7ec0ceeda8b5469fea65fc0fa95fd2d73ee7a1f8;2002-01-28;7ec0ceeda8b5469fea65fc0fa95fd2d73ee7a1f8;2002-01-28;01b5958cf7a7e33b2c584ebf8686c78dc700a1a7;2002-03-09;2002-02-07;2002-01-29;NVD-CWE-Other;2.6;AV:N/AC:H/Au:N/C:N/I:N/A:P;10752;10752;10752;10723;yes
CVE-2009-3094;b10a9ef8b86e5aa8face574e9f6e97cf4e917002;2009-09-14;4abfc87daf7d215cf7a5a2fc39cc26073eea9b2e;2001-04-13;7ec0ceeda8b5469fea65fc0fa95fd2d73ee7a1f8;2002-01-28;7ec0ceeda8b5469fea65fc0fa95fd2d73ee7a1f8;2002-01-28;01b5958cf7a7e33b2c584ebf8686c78dc700a1a7;2002-03-09;2002-02-07;2002-01-29;NVD-CWE-Other;2.6;AV:N/AC:H/Au:N/C:N/I:N/A:P;10752;10752;10752;10723;yes
CVE-2009-3094;b10a9ef8b86e5aa8face574e9f6e97cf4e917002;2009-09-14;9e5f5087f1140ba75137027f662e193f29a898ac;2002-01-29;7ec0ceeda8b5469fea65fc0fa95fd2d73ee7a1f8;2002-01-28;7ec0ceeda8b5469fea65fc0fa95fd2d73ee7a1f8;2002-01-28;01b5958cf7a7e33b2c584ebf8686c78dc700a1a7;2002-03-09;2002-02-07;2002-01-29;NVD-CWE-Other;2.6;AV:N/AC:H/Au:N/C:N/I:N/A:P;10752;10752;10752;10723;yes
CVE-2009-3094;8d3f77b70d3c49bd14eb05c423788ec5df65bdad;2009-09-14;01b5958cf7a7e33b2c584ebf8686c78dc700a1a7;2002-03-09;7ec0ceeda8b5469fea65fc0fa95fd2d73ee7a1f8;2002-01-28;7ec0ceeda8b5469fea65fc0fa95fd2d73ee7a1f8;2002-01-28;01b5958cf7a7e33b2c584ebf8686c78dc700a1a7;2002-03-09;2002-02-07;2002-01-29;NVD-CWE-Other;2.6;AV:N/AC:H/Au:N/C:N/I:N/A:P;11735;11735;11735;11706;yes
CVE-2009-3094;8d3f77b70d3c49bd14eb05c423788ec5df65bdad;2009-09-14;db096af6a549cb986640071e44cc07eaf275c941;2000-06-12;7ec0ceeda8b5469fea65fc0fa95fd2d73ee7a1f8;2002-01-28;7ec0ceeda8b5469fea65fc0fa95fd2d73ee7a1f8;2002-01-28;01b5958cf7a7e33b2c584ebf8686c78dc700a1a7;2002-03-09;2002-02-07;2002-01-29;NVD-CWE-Other;2.6;AV:N/AC:H/Au:N/C:N/I:N/A:P;11735;11735;11735;11706;yes
CVE-2009-3094;8d3f77b70d3c49bd14eb05c423788ec5df65bdad;2009-09-14;854b0d252476aabec42f6d4bb5f79a3d9681d4dd;2001-04-05;7ec0ceeda8b5469fea65fc0fa95fd2d73ee7a1f8;2002-01-28;7ec0ceeda8b5469fea65fc0fa95fd2d73ee7a1f8;2002-01-28;01b5958cf7a7e33b2c584ebf8686c78dc700a1a7;2002-03-09;2002-02-07;2002-01-29;NVD-CWE-Other;2.6;AV:N/AC:H/Au:N/C:N/I:N/A:P;11735;11735;11735;11706;yes
CVE-2009-3094;8d3f77b70d3c49bd14eb05c423788ec5df65bdad;2009-09-14;4abfc87daf7d215cf7a5a2fc39cc26073eea9b2e;2001-04-13;7ec0ceeda8b5469fea65fc0fa95fd2d73ee7a1f8;2002-01-28;7ec0ceeda8b5469fea65fc0fa95fd2d73ee7a1f8;2002-01-28;01b5958cf7a7e33b2c584ebf8686c78dc700a1a7;2002-03-09;2002-02-07;2002-01-29;NVD-CWE-Other;2.6;AV:N/AC:H/Au:N/C:N/I:N/A:P;11735;11735;11735;11706;yes
CVE-2009-3094;8d3f77b70d3c49bd14eb05c423788ec5df65bdad;2009-09-14;9e5f5087f1140ba75137027f662e193f29a898ac;2002-01-29;7ec0ceeda8b5469fea65fc0fa95fd2d73ee7a1f8;2002-01-28;7ec0ceeda8b5469fea65fc0fa95fd2d73ee7a1f8;2002-01-28;01b5958cf7a7e33b2c584ebf8686c78dc700a1a7;2002-03-09;2002-02-07;2002-01-29;NVD-CWE-Other;2.6;AV:N/AC:H/Au:N/C:N/I:N/A:P;11735;11735;11735;11706;yes
CVE-2007-3847;139f41aa7533170b66768b53fe0a5717933fc483;2007-08-01;f8511d81d82f1981f1ad10529eb4fc7f64253e46;2002-06-23;537844367d277667a913c1408c08b4f48177b352;2006-08-08;0d9c89ae6fdc6bf0c9fcd8ff8d1da2dbc30b5d88;2004-09-28;d160248d92af8800e48f98ea5eef09dfd8d238cf;2006-08-08;2005-12-24;2006-03-13;NVD-CWE-Other;5.0;AV:N/AC:L/Au:N/C:N/I:N/A:P;504;2637;2637;840;no
CVE-2003-0253;c61229986c131d6856f40fd39251815d2a0f0c81;2003-07-09;18af8a478cfd4cd7603f934df623de83b962dd37;2003-04-23;91aa6046003482482ff7028ca3ca9b62cdcdf1aa;2001-11-13;b75c7339bd42f6815a342209f0a5560cc18efd3e;1999-06-24;18af8a478cfd4cd7603f934df623de83b962dd37;2003-04-23;2001-09-21;2002-01-12;NVD-CWE-Other;5.0;AV:N/AC:L/Au:N/C:N/I:N/A:P;5278;10916;10916;4721;no
CVE-2003-0253;c61229986c131d6856f40fd39251815d2a0f0c81;2003-07-09;91aa6046003482482ff7028ca3ca9b62cdcdf1aa;2001-11-13;91aa6046003482482ff7028ca3ca9b62cdcdf1aa;2001-11-13;b75c7339bd42f6815a342209f0a5560cc18efd3e;1999-06-24;18af8a478cfd4cd7603f934df623de83b962dd37;2003-04-23;2001-09-21;2002-01-12;NVD-CWE-Other;5.0;AV:N/AC:L/Au:N/C:N/I:N/A:P;5278;10916;10916;4721;no
CVE-2003-0253;c61229986c131d6856f40fd39251815d2a0f0c81;2003-07-09;ccb09e13da01852bb9354a5d0265b53659899e9d;2001-11-13;91aa6046003482482ff7028ca3ca9b62cdcdf1aa;2001-11-13;b75c7339bd42f6815a342209f0a5560cc18efd3e;1999-06-24;18af8a478cfd4cd7603f934df623de83b962dd37;2003-04-23;2001-09-21;2002-01-12;NVD-CWE-Other;5.0;AV:N/AC:L/Au:N/C:N/I:N/A:P;5278;10916;10916;4721;no
CVE-2003-0253;c61229986c131d6856f40fd39251815d2a0f0c81;2003-07-09;b9d020553f15fdf11fd9a2b02c81f61a96203424;2001-04-12;91aa6046003482482ff7028ca3ca9b62cdcdf1aa;2001-11-13;b75c7339bd42f6815a342209f0a5560cc18efd3e;1999-06-24;18af8a478cfd4cd7603f934df623de83b962dd37;2003-04-23;2001-09-21;2002-01-12;NVD-CWE-Other;5.0;AV:N/AC:L/Au:N/C:N/I:N/A:P;5278;10916;10916;4721;no
CVE-2003-0253;c61229986c131d6856f40fd39251815d2a0f0c81;2003-07-09;69adf379b47312601e820229d18f2e2b654e6cc4;1999-09-08;91aa6046003482482ff7028ca3ca9b62cdcdf1aa;2001-11-13;b75c7339bd42f6815a342209f0a5560cc18efd3e;1999-06-24;18af8a478cfd4cd7603f934df623de83b962dd37;2003-04-23;2001-09-21;2002-01-12;NVD-CWE-Other;5.0;AV:N/AC:L/Au:N/C:N/I:N/A:P;5278;10916;10916;4721;no
CVE-2003-0253;c61229986c131d6856f40fd39251815d2a0f0c81;2003-07-09;b75c7339bd42f6815a342209f0a5560cc18efd3e;1999-06-24;91aa6046003482482ff7028ca3ca9b62cdcdf1aa;2001-11-13;b75c7339bd42f6815a342209f0a5560cc18efd3e;1999-06-24;18af8a478cfd4cd7603f934df623de83b962dd37;2003-04-23;2001-09-21;2002-01-12;NVD-CWE-Other;5.0;AV:N/AC:L/Au:N/C:N/I:N/A:P;5278;10916;10916;4721;no
CVE-2004-0809;34cdcdfde8cc79501b872c4232d4453ade6ccb6e;2004-09-12;59ad7a1b7cca4e17013bf4a0c5c220256f37472f;2000-06-28;59ad7a1b7cca4e17013bf4a0c5c220256f37472f;2000-06-28;59ad7a1b7cca4e17013bf4a0c5c220256f37472f;2000-06-28;59ad7a1b7cca4e17013bf4a0c5c220256f37472f;2000-06-28;2000-06-28;2000-06-28;NVD-CWE-Other;5.0;AV:N/AC:L/Au:N/C:N/I:N/A:P;11336;11336;11336;11339;yes
CVE-2014-0117;bb4cc03e7541c9c4fef3055597d3160a11c45ecd;2014-07-15;d2e6782ea7a74046a0e30aa2b9b0f85e86396fff;2013-05-13;30851a54b8fed3087592109e56a04cc2bad76dfa;2013-07-11;30851a54b8fed3087592109e56a04cc2bad76dfa;2013-07-11;30851a54b8fed3087592109e56a04cc2bad76dfa;2013-07-11;2013-07-11;2013-07-11;CWE-20;4.3;AV:N/AC:M/Au:N/C:N/I:N/A:P;1202;1202;1202;1206;no
CVE-2014-0117;bb2749fd6e18dd1682bd1da89b160ca4175c2ec1;2014-07-15;d2e6782ea7a74046a0e30aa2b9b0f85e86396fff;2013-05-13;d2e6782ea7a74046a0e30aa2b9b0f85e86396fff;2013-05-13;2bea7fb2bf82dce873decd7aaa63746e990bc44f;2013-03-07;b2605d20c42fe882a42f55d059286f64927ac30d;2014-07-14;2013-09-07;2013-05-27;CWE-20;4.3;AV:N/AC:M/Au:N/C:N/I:N/A:P;1495;1724;1724;1446;no
CVE-2003-0789;3e4547ab87e700e501ca9434aaed462db4140a1b;2003-10-26;53f940a84a445ed88c20814e77e779091935398e;2002-10-03;53f940a84a445ed88c20814e77e779091935398e;2002-10-03;342daeedc6078e3a13efb2b59cedfec10bba957b;2002-01-28;53f940a84a445ed88c20814e77e779091935398e;2002-10-03;2002-06-05;2002-07-05;NVD-CWE-Other;10.0;AV:N/AC:L/Au:N/C:C/I:C/A:C;1869;4949;4949;2727;no
CVE-2007-3304;e56a5ff187317a055d38b63f5f76706f8907e18e;2007-07-17;b0a5cb0bb967c5b40adbbfa09bb1ceb5f8e72f57;2005-06-07;cbe4551a2ff4392538dd9881bb7dd2a03f4ac8e6;2005-09-19;0819080a9cbc5a843087cf3266e6e355d718c511;2005-09-19;492e695c40e714d1973a7bb0569a584f4f2373dc;2006-09-15;2006-01-17;2005-10-09;NVD-CWE-Other;4.7;AV:L/AC:M/Au:N/C:N/I:N/A:C;1076;1077;1077;1000;no
CVE-2007-3304;e56a5ff187317a055d38b63f5f76706f8907e18e;2007-07-17;6f96ad52275b5b35226cdb2ce66b3832e9dfb605;1999-08-24;cbe4551a2ff4392538dd9881bb7dd2a03f4ac8e6;2005-09-19;0819080a9cbc5a843087cf3266e6e355d718c511;2005-09-19;492e695c40e714d1973a7bb0569a584f4f2373dc;2006-09-15;2006-01-17;2005-10-09;NVD-CWE-Other;4.7;AV:L/AC:M/Au:N/C:N/I:N/A:C;1076;1077;1077;1000;no
CVE-2007-3304;86f602beb22cfa76214020c1e0a9f3d59b108e30;2007-06-16;b0a5cb0bb967c5b40adbbfa09bb1ceb5f8e72f57;2005-06-07;aeed109950b2c8e1c8ff42e8545cd7f4378b718b;2004-04-11;5f0b2584a4dcda2eb716c0de99e8c625fffd429d;2000-07-30;146fd39a5a6583e4f2f4298a04e3b892eb628936;2005-08-29;2003-06-06;2003-04-25;NVD-CWE-Other;4.7;AV:L/AC:M/Au:N/C:N/I:N/A:C;3335;13769;13769;4726;no
CVE-2007-3304;86f602beb22cfa76214020c1e0a9f3d59b108e30;2007-06-16;6f96ad52275b5b35226cdb2ce66b3832e9dfb605;1999-08-24;aeed109950b2c8e1c8ff42e8545cd7f4378b718b;2004-04-11;5f0b2584a4dcda2eb716c0de99e8c625fffd429d;2000-07-30;146fd39a5a6583e4f2f4298a04e3b892eb628936;2005-08-29;2003-06-06;2003-04-25;NVD-CWE-Other;4.7;AV:L/AC:M/Au:N/C:N/I:N/A:C;3335;13769;13769;4726;no
CVE-2005-1268;968bb860f90729601e59d8b2bab747e74dc3d612;2005-06-03;5de48694466ffdb67d8f4c994aeff88d8c8629ea;2002-03-13;5de48694466ffdb67d8f4c994aeff88d8c8629ea;2002-03-13;5de48694466ffdb67d8f4c994aeff88d8c8629ea;2002-03-13;5de48694466ffdb67d8f4c994aeff88d8c8629ea;2002-03-13;2002-03-13;2002-03-13;CWE-193;5.0;AV:N/AC:L/Au:N/C:N/I:N/A:P;6708;6708;6708;6720;yes
CVE-2004-0174;4d8f4c26d62142dd48570038ab80d9e98f307a9b;2004-03-19;c6b9cc45c1f244fc10c9b13a7feb3b94a52d1eef;1999-11-29;ed8fc9abaef1ff689c07588d2599be85353f0e86;2002-07-15;ed8fc9abaef1ff689c07588d2599be85353f0e86;2002-07-15;ed8fc9abaef1ff689c07588d2599be85353f0e86;2002-07-15;2002-07-15;2002-07-15;NVD-CWE-Other;5.0;AV:N/AC:L/Au:N/C:N/I:N/A:P;3242;3242;3242;3246;no
CVE-2004-0174;4d8f4c26d62142dd48570038ab80d9e98f307a9b;2004-03-19;91aa6046003482482ff7028ca3ca9b62cdcdf1aa;2001-11-13;ed8fc9abaef1ff689c07588d2599be85353f0e86;2002-07-15;ed8fc9abaef1ff689c07588d2599be85353f0e86;2002-07-15;ed8fc9abaef1ff689c07588d2599be85353f0e86;2002-07-15;2002-07-15;2002-07-15;NVD-CWE-Other;5.0;AV:N/AC:L/Au:N/C:N/I:N/A:P;3242;3242;3242;3246;no
CVE-2004-0174;4d8f4c26d62142dd48570038ab80d9e98f307a9b;2004-03-19;1f638327b2796071106ff7e3dbd81b9c845e06e9;2003-08-24;ed8fc9abaef1ff689c07588d2599be85353f0e86;2002-07-15;ed8fc9abaef1ff689c07588d2599be85353f0e86;2002-07-15;ed8fc9abaef1ff689c07588d2599be85353f0e86;2002-07-15;2002-07-15;2002-07-15;NVD-CWE-Other;5.0;AV:N/AC:L/Au:N/C:N/I:N/A:P;3242;3242;3242;3246;no
CVE-2004-0174;4d8f4c26d62142dd48570038ab80d9e98f307a9b;2004-03-19;ed8fc9abaef1ff689c07588d2599be85353f0e86;2002-07-15;ed8fc9abaef1ff689c07588d2599be85353f0e86;2002-07-15;ed8fc9abaef1ff689c07588d2599be85353f0e86;2002-07-15;ed8fc9abaef1ff689c07588d2599be85353f0e86;2002-07-15;2002-07-15;2002-07-15;NVD-CWE-Other;5.0;AV:N/AC:L/Au:N/C:N/I:N/A:P;3242;3242;3242;3246;no
CVE-2010-2068;dd92e8d0d36b4cc63f091a3a2aaf38903cdc043c;2010-06-10;14bb7079df8db0f63ba4f26d569b728155c3108b;2008-09-20;14bb7079df8db0f63ba4f26d569b728155c3108b;2008-09-20;14bb7079df8db0f63ba4f26d569b728155c3108b;2008-09-20;14bb7079df8db0f63ba4f26d569b728155c3108b;2008-09-20;2008-09-20;2008-09-20;CWE-200;5.0;AV:N/AC:L/Au:N/C:P/I:N/A:N;2319;2319;2319;2321;no
CVE-2006-5752;5440567c01e12c057066d95aea56477e1f53714a;2007-07-17;d5c24720dc110cf6381fd89e036164fe55571a8e;2002-03-20;d5c24720dc110cf6381fd89e036164fe55571a8e;2002-03-20;d5c24720dc110cf6381fd89e036164fe55571a8e;2002-03-20;4157e579bf1fbff128100f0c9a4966c7d8b88282;2002-04-09;2002-03-30;2002-03-30;NVD-CWE-Other;4.3;AV:N/AC:M/Au:N/C:N/I:P/A:N;7922;7922;7922;7735;no
CVE-2006-5752;a4ca339bc6f6101691f3dfca63700d37ec64615d;2007-06-20;d5c24720dc110cf6381fd89e036164fe55571a8e;2002-03-20;d5c24720dc110cf6381fd89e036164fe55571a8e;2002-03-20;d5c24720dc110cf6381fd89e036164fe55571a8e;2002-03-20;4157e579bf1fbff128100f0c9a4966c7d8b88282;2002-04-09;2002-03-30;2002-03-30;NVD-CWE-Other;4.3;AV:N/AC:M/Au:N/C:N/I:P/A:N;8165;8165;8165;7978;no
CVE-2007-6422;84cb0035c259161663b0064491854fd9899c78de;2008-01-01;59ad7a1b7cca4e17013bf4a0c5c220256f37472f;2000-06-28;2d7f11c8035b26a244adc99df9d7a301f18c7107;2004-08-26;2d7f11c8035b26a244adc99df9d7a301f18c7107;2004-08-26;2d7f11c8035b26a244adc99df9d7a301f18c7107;2004-08-26;2004-08-26;2004-08-26;CWE-399;4.0;AV:N/AC:L/Au:S/C:N/I:N/A:P;3247;3247;3247;3251;no
CVE-2007-6422;0151920d1183bfb0eca003e4ba7fac8df41f0fed;2008-01-01;59ad7a1b7cca4e17013bf4a0c5c220256f37472f;2000-06-28;0abfd39b25433598464c83b07f53e768771b8154;2007-12-29;0abfd39b25433598464c83b07f53e768771b8154;2007-12-29;0abfd39b25433598464c83b07f53e768771b8154;2007-12-29;2007-12-29;2007-12-29;CWE-399;4.0;AV:N/AC:L/Au:S/C:N/I:N/A:P;9;9;9;22;no
CVE-2007-6422;0abfd39b25433598464c83b07f53e768771b8154;2007-12-29;59ad7a1b7cca4e17013bf4a0c5c220256f37472f;2000-06-28;59ad7a1b7cca4e17013bf4a0c5c220256f37472f;2000-06-28;59ad7a1b7cca4e17013bf4a0c5c220256f37472f;2000-06-28;59ad7a1b7cca4e17013bf4a0c5c220256f37472f;2000-06-28;2000-06-28;2000-06-28;CWE-399;4.0;AV:N/AC:L/Au:S/C:N/I:N/A:P;14647;14647;14647;14650;no
CVE-2004-0747;f2d3d37f2dd9e1c31efff9e08c6508f1c6198318;2004-09-15;99a9d6e3e02dcd0d996097e8c4d23a39c5dbbf44;2000-03-14;99a9d6e3e02dcd0d996097e8c4d23a39c5dbbf44;2000-03-14;99a9d6e3e02dcd0d996097e8c4d23a39c5dbbf44;2000-03-14;721890ad66b8c44a1a0fa910293f0b9a769897d2;2003-02-12;2001-04-06;2000-09-25;NVD-CWE-Other;4.6;AV:L/AC:L/Au:N/C:P/I:P/A:P;12058;12058;12058;10873;no
CVE-2004-1834;59a68232cc91cf8fe45986a54e17583cfab84154;2005-08-23;a147b916f4bfcd641b28f47cd02db8fa4a0fc5a4;2002-02-03;53119755575d7fcfaec429f375ecc7d521379419;2004-11-06;a147b916f4bfcd641b28f47cd02db8fa4a0fc5a4;2002-02-03;7482daa13132f5255cb76db21bab58b2d8435e2e;2005-08-23;2004-03-21;2004-01-15;NVD-CWE-Other;2.1;AV:L/AC:L/Au:N/C:P/I:N/A:N;1056;7545;7545;2409;no
CVE-2004-1834;59a68232cc91cf8fe45986a54e17583cfab84154;2005-08-23;eca473b0c0fbefcd110bc18d61200207c097f3d9;2002-01-25;53119755575d7fcfaec429f375ecc7d521379419;2004-11-06;a147b916f4bfcd641b28f47cd02db8fa4a0fc5a4;2002-02-03;7482daa13132f5255cb76db21bab58b2d8435e2e;2005-08-23;2004-03-21;2004-01-15;NVD-CWE-Other;2.1;AV:L/AC:L/Au:N/C:P/I:N/A:N;1056;7545;7545;2409;no
CVE-2014-0231;41488e891d12eddcf21bb435d90ae71eda8d218a;2013-10-23;9ca05a3a514cf399d604a33b37dbc18e4fcd886a;1999-11-19;db8d5fe1d7a403cf922f2125e943ef448494471e;2002-06-13;db8d5fe1d7a403cf922f2125e943ef448494471e;2002-06-13;5061d9fa920cb1821a51495fc42833c54e5bd714;2005-11-10;2004-02-26;2004-02-26;CWE-399;5.0;AV:N/AC:L/Au:N/C:N/I:N/A:P;16224;16224;16224;12819;no
CVE-2009-1890;7c86cedd3b117aaba17ea62a8c91b87c7d8bcfea;2009-07-03;4f83ebed74b9d1588ad6712abc9e3a68014bfdb3;2006-12-12;f36ff2e8bee4dde9630ecbf0383914828650043c;2007-02-20;00b86812a870cdce79979c67da544e2bbde4aa71;2005-07-14;58590510ac054f8f330401a559924d46eae8469b;2008-05-06;2007-01-02;2006-09-26;CWE-189;7.1;AV:N/AC:M/Au:N/C:N/I:N/A:C;1978;3056;3056;2159;yes
CVE-2009-1890;b5c7491d6712fcbec142ea9d2c0a870b831d6c99;2009-07-02;4f83ebed74b9d1588ad6712abc9e3a68014bfdb3;2006-12-12;4f83ebed74b9d1588ad6712abc9e3a68014bfdb3;2006-12-12;00b86812a870cdce79979c67da544e2bbde4aa71;2005-07-14;8ea9fdcbc0fe783f11036f111f5ded36d185261e;2008-01-11;2006-11-01;2006-08-06;CWE-189;7.1;AV:N/AC:M/Au:N/C:N/I:N/A:C;2761;4027;4027;2959;yes
CVE-2002-0392;3ea796a16681e2ed8031edb11412ddbae007051a;2002-06-17;08eb7609da3a8fa149113a1068cb5b3d676614a5;2001-09-29;66ee5533d3056e0b95724e9693db6d0844b3a08b;2001-09-29;6f96ad52275b5b35226cdb2ce66b3832e9dfb605;1999-08-24;7f3dac3d2695df4e801c73583cb5fe0e36f28fc4;2001-11-08;2001-02-19;2001-02-19;NVD-CWE-Other;7.5;AV:N/AC:L/Au:N/C:P/I:P/A:P;3231;8300;8300;5152;yes
CVE-2002-0840;01b99447729a3d43891997806106be6bec3637ff;2002-10-02;6f96ad52275b5b35226cdb2ce66b3832e9dfb605;1999-08-24;17cc70b4ab8a674f355528d272220ebaa4c75826;2002-03-05;059d8dd2122f0a3948c2c09549159f0931a6f236;2000-08-02;17cc70b4ab8a674f355528d272220ebaa4c75826;2002-03-05;2001-05-19;2001-08-23;NVD-CWE-Other;6.8;AV:N/AC:M/Au:N/C:P/I:P/A:P;2528;7817;7817;4604;yes
CVE-2002-0840;01b99447729a3d43891997806106be6bec3637ff;2002-10-02;059d8dd2122f0a3948c2c09549159f0931a6f236;2000-08-02;17cc70b4ab8a674f355528d272220ebaa4c75826;2002-03-05;059d8dd2122f0a3948c2c09549159f0931a6f236;2000-08-02;17cc70b4ab8a674f355528d272220ebaa4c75826;2002-03-05;2001-05-19;2001-08-23;NVD-CWE-Other;6.8;AV:N/AC:M/Au:N/C:P/I:P/A:P;2528;7817;7817;4604;yes
CVE-2004-0811;093bd929736edf2d9023a95f02f34a9ddccc3546;2004-03-14;ef31f584249e7389c762991a7aee9fde5d9effca;1999-08-24;3eeeb76fb482bae7400eac7a4562fe8475756afd;2001-03-04;ef31f584249e7389c762991a7aee9fde5d9effca;1999-08-24;3eeeb76fb482bae7400eac7a4562fe8475756afd;2001-03-04;2000-05-29;2000-12-14;NVD-CWE-Other;7.5;AV:N/AC:L/Au:N/C:P/I:P/A:P;8445;11725;11725;9198;no
CVE-2004-0811;093bd929736edf2d9023a95f02f34a9ddccc3546;2004-03-14;3eeeb76fb482bae7400eac7a4562fe8475756afd;2001-03-04;3eeeb76fb482bae7400eac7a4562fe8475756afd;2001-03-04;ef31f584249e7389c762991a7aee9fde5d9effca;1999-08-24;3eeeb76fb482bae7400eac7a4562fe8475756afd;2001-03-04;2000-05-29;2000-12-14;NVD-CWE-Other;7.5;AV:N/AC:L/Au:N/C:P/I:P/A:P;8445;11725;11725;9198;no
CVE-2002-1156;43a63ebc6a9b88a4224079969c216deef2025a6f;2002-09-30;86371dd230b6e4f6bc571d1266a28320db4123d6;2002-09-17;86371dd230b6e4f6bc571d1266a28320db4123d6;2002-09-17;86371dd230b6e4f6bc571d1266a28320db4123d6;2002-09-17;86371dd230b6e4f6bc571d1266a28320db4123d6;2002-09-17;2002-09-17;2002-09-17;NVD-CWE-Other;5.0;AV:N/AC:L/Au:N/C:P/I:N/A:N;114;114;114;115;no
CVE-2015-0253;47cb2e45958b4058bb81fa9c7b810758927d7a09;2015-03-24;38d03c5274fb4e01a14cf93af29a3dbcd7371d55;2004-03-01;761ef9ee176aef1a236f7f747ee9360acdcadeaf;2006-02-28;761ef9ee176aef1a236f7f747ee9360acdcadeaf;2006-02-28;761ef9ee176aef1a236f7f747ee9360acdcadeaf;2006-02-28;2006-02-28;2006-02-28;NVD-CWE-Other;5.0;AV:N/AC:L/Au:N/C:N/I:N/A:P;11207;11207;11207;11208;no
CVE-2004-0488;3efccf4239e0a576d7667c95d61c4a618af32916;2004-05-25;72814e709a659cb9ee200b1f710f44351c9028d3;2002-03-12;72814e709a659cb9ee200b1f710f44351c9028d3;2002-03-12;72814e709a659cb9ee200b1f710f44351c9028d3;2002-03-12;d0214d5ae72704327942d7e8a615ce38410fd159;2002-05-16;2002-04-13;2002-03-22;NVD-CWE-Other;7.5;AV:N/AC:L/Au:N/C:P/I:P/A:P;5158;5158;5158;4935;yes
CVE-2004-0488;3efccf4239e0a576d7667c95d61c4a618af32916;2004-05-25;f83672781de25207442ff908258219de1d103062;2001-05-04;72814e709a659cb9ee200b1f710f44351c9028d3;2002-03-12;72814e709a659cb9ee200b1f710f44351c9028d3;2002-03-12;d0214d5ae72704327942d7e8a615ce38410fd159;2002-05-16;2002-04-13;2002-03-22;NVD-CWE-Other;7.5;AV:N/AC:L/Au:N/C:P/I:P/A:P;5158;5158;5158;4935;yes
